toi_rank_desc,game_id,toi_sum,went_ot,home_goals,away_goals
1,game_404,7090.86,1,5,6
2,game_35,6678.61,1,4,5
3,game_1215,6206.57,1,0,1
4,game_317,6196.82,1,2,1
5,game_199,6191.16,1,4,3
6,game_255,6137.96,1,4,3
7,game_952,6014.1,1,4,3
8,game_1208,5996.81,1,0,1
9,game_732,5973.0199999999995,1,2,1
10,game_347,5830.06,1,4,3
11,game_916,5770.6900000000005,1,5,4
12,game_170,5731.77,1,2,1
13,game_518,5711.1,1,3,2
14,game_1002,5676.92,1,0,1
15,game_381,5658.42,1,3,2
16,game_771,5508.95,1,3,4
17,game_187,5502.47,1,3,2
18,game_469,5454.37,1,5,4
19,game_80,5437.07,1,1,2
20,game_816,5376.91,1,1,2
21,game_573,5368.26,1,2,3
22,game_339,5347.85,1,3,2
23,game_614,5325.26,1,3,2
24,game_3,5323.38,1,4,3
25,game_773,5319.01,1,2,3
26,game_1267,5307.02,1,3,2
27,game_652,5152.22,1,1,2
28,game_45,5124.47,1,2,1
29,game_1161,5080.84,1,3,2
30,game_758,5058.2,1,2,3
31,game_201,5047.27,1,4,3
32,game_372,5035.64,1,3,4
33,game_1239,5031.1,1,4,3
34,game_914,5018.64,1,4,5
35,game_519,4988.33,1,4,3
36,game_608,4915.56,1,5,6
37,game_15,4888.93,1,4,5
38,game_787,4885.84,1,6,5
39,game_742,4862.91,1,2,3
40,game_1148,4838.11,1,4,5
41,game_102,4831.56,1,4,3
42,game_670,4824.85,1,5,6
43,game_1242,4817.55,1,1,2
44,game_76,4804.400000000001,1,3,2
45,game_848,4789.9800000000005,1,2,1
46,game_1059,4772.69,1,5,4
47,game_604,4764.26,1,3,2
48,game_625,4759.7300000000005,1,3,4
49,game_262,4758.51,1,2,3
50,game_337,4739.13,1,2,3
51,game_576,4729.15,1,2,3
52,game_828,4693.57,1,3,4
53,game_344,4682.24,1,3,2
54,game_520,4657.13,1,2,3
55,game_1173,4642.82,1,3,4
56,game_421,4639.38,1,3,2
57,game_739,4595.7,1,3,2
58,game_315,4593.96,1,2,1
59,game_1155,4592.66,1,5,4
60,game_1232,4588.43,1,5,6
61,game_278,4580.7,1,3,2
62,game_552,4572.83,1,3,2
63,game_423,4565.51,1,1,2
64,game_123,4564.740000000001,1,3,2
65,game_1312,4554.63,1,3,4
66,game_1271,4552.58,1,4,3
67,game_1055,4544.66,1,4,5
68,game_1056,4543.36,1,4,5
69,game_1292,4535.71,1,4,3
70,game_456,4531.88,1,5,4
71,game_515,4515.56,1,4,5
72,game_1276,4515.47,1,7,6
73,game_1298,4515.44,1,1,2
74,game_586,4511.4,1,4,3
75,game_282,4504.47,1,3,2
76,game_574,4501.41,1,2,3
77,game_945,4493.9800000000005,1,5,6
78,game_657,4483.28,1,1,2
79,game_729,4477.21,1,4,5
80,game_682,4462.2,1,6,5
81,game_1021,4449.4,1,1,0
82,game_272,4449.28,1,2,1
83,game_757,4438.24,1,4,3
84,game_1151,4437.29,1,3,2
85,game_1089,4413.6900000000005,1,4,3
86,game_591,4407.49,1,3,2
87,game_182,4405.67,1,2,3
88,game_85,4391.51,1,2,1
89,game_1166,4387.64,1,4,3
90,game_385,4386.29,1,7,6
91,game_350,4371.17,1,7,6
92,game_891,4364.38,1,4,3
93,game_244,4353.6,1,0,1
94,game_624,4348.38,1,4,3
95,game_681,4342.09,1,1,2
96,game_734,4337.9,1,4,5
97,game_375,4330.97,1,3,2
98,game_297,4330.15,1,5,4
99,game_365,4317.76,1,4,5
100,game_1159,4315.36,1,3,2
101,game_1083,4314.44,1,2,1
102,game_227,4306.19,1,1,2
103,game_542,4296.4,1,3,2
104,game_134,4295.07,1,4,3
105,game_1140,4291.91,1,3,2
106,game_1217,4290.21,1,2,3
107,game_678,4269.83,1,1,2
108,game_913,4264.82,1,6,7
109,game_616,4259.53,1,3,4
110,game_219,4243.68,1,4,3
111,game_209,4236.81,1,5,4
112,game_172,4218.38,1,1,2
113,game_564,4213.95,1,4,5
114,game_1263,4213.31,1,2,3
115,game_1094,4210.79,1,2,3
116,game_336,4208.38,1,5,4
117,game_1025,4208.3,1,2,3
118,game_314,4207.38,1,2,3
119,game_899,4202.02,1,3,4
120,game_1130,4196.82,1,2,3
121,game_1220,4196.0,1,3,2
122,game_266,4190.32,1,4,3
123,game_505,4189.04,1,0,1
124,game_685,4187.75,1,5,4
125,game_462,4161.27,1,2,1
126,game_28,4154.53,1,3,4
127,game_368,4146.95,1,1,0
128,game_69,4144.77,1,3,2
129,game_1245,4135.94,1,1,2
130,game_572,4134.08,1,4,5
131,game_43,4131.61,1,2,1
132,game_578,4122.08,1,3,4
133,game_493,4119.69,1,3,4
134,game_597,4116.23,1,2,3
135,game_178,4102.03,1,4,5
136,game_53,4096.42,1,3,4
137,game_986,4093.04,1,3,2
138,game_502,4087.07,1,2,1
139,game_442,4087.06,1,0,1
140,game_489,4086.47,1,3,4
141,game_1043,4082.08,1,3,4
142,game_159,4078.56,1,4,3
143,game_584,4075.51,1,4,5
144,game_663,4071.76,1,3,4
145,game_1114,4067.99,1,2,3
146,game_434,4066.45,1,4,3
147,game_883,4060.79,1,3,2
148,game_118,4058.98,1,3,4
149,game_1205,4053.1600000000003,1,5,4
150,game_1229,4051.88,1,2,3
151,game_727,4047.0,1,6,5
152,game_280,4036.3,1,5,4
153,game_726,4035.64,1,3,2
154,game_487,4026.2599999999998,1,4,3
155,game_1042,4026.06,1,4,5
156,game_1200,4024.07,1,2,1
157,game_416,4021.03,1,3,4
158,game_464,4000.63,1,5,6
159,game_256,3996.9100000000003,1,2,3
160,game_737,3993.11,1,2,3
161,game_832,3990.75,1,2,3
162,game_783,3990.25,1,1,2
163,game_878,3989.96,1,3,4
164,game_498,3987.87,1,3,4
165,game_19,3987.48,1,3,2
166,game_704,3987.06,1,2,3
167,game_933,3986.7,1,1,2
168,game_233,3986.67,1,2,1
169,game_885,3983.77,1,1,2
170,game_671,3974.0,1,2,3
171,game_880,3973.87,1,2,3
172,game_326,3971.29,1,2,3
173,game_303,3968.52,1,4,3
174,game_923,3958.57,1,0,1
175,game_1174,3955.0099999999998,1,3,4
176,game_612,3953.14,1,5,4
177,game_794,3947.69,1,4,3
178,game_915,3943.86,1,5,4
179,game_1212,3939.39,1,5,6
180,game_587,3935.04,1,4,3
181,game_27,3934.84,1,6,5
182,game_653,3933.09,1,2,3
183,game_993,3932.08,1,5,6
184,game_228,3931.03,1,2,3
185,game_1286,3930.0299999999997,1,2,3
186,game_615,3927.35,1,8,7
187,game_488,3923.3199999999997,1,5,4
188,game_995,3919.98,1,4,3
189,game_7,3919.65,1,4,5
190,game_382,3918.88,1,3,2
191,game_1108,3913.09,1,5,4
192,game_1249,3909.0,1,2,1
193,game_1134,3906.8599999999997,1,2,3
194,game_1186,3902.75,1,2,3
195,game_942,3898.22,1,4,3
196,game_761,3893.81,1,4,3
197,game_298,3886.87,1,3,2
198,game_1064,3884.57,1,3,2
199,game_1015,3875.59,1,5,4
200,game_98,3868.7799999999997,1,4,3
201,game_322,3863.12,1,3,2
202,game_786,3862.4700000000003,1,2,1
203,game_640,3861.7400000000002,1,3,4
204,game_202,3856.95,1,2,3
205,game_231,3848.52,1,2,1
206,game_920,3841.68,1,3,4
207,game_1104,3841.46,1,5,4
208,game_128,3840.52,1,5,6
209,game_411,3840.29,1,2,3
210,game_1069,3834.44,1,6,5
211,game_289,3823.4300000000003,1,5,6
212,game_371,3823.15,1,4,3
213,game_641,3822.3900000000003,1,4,3
214,game_1036,3819.41,1,4,5
215,game_881,3811.07,1,5,6
216,game_801,3800.0099999999998,1,4,3
217,game_1231,3799.3199999999997,1,2,3
218,game_955,3798.44,1,4,3
219,game_2,3797.73,1,3,2
220,game_301,3796.73,1,2,1
221,game_1197,3790.94,1,2,3
222,game_238,3790.83,1,5,6
223,game_268,3788.91,1,2,1
224,game_415,3784.03,1,5,6
225,game_501,3776.87,1,3,2
226,game_171,3775.89,1,3,4
227,game_961,3773.9,1,3,4
228,game_51,3772.2000000000003,1,3,2
229,game_218,3769.04,1,6,5
230,game_245,3764.71,1,5,4
231,game_1070,3764.65,1,4,5
232,game_1041,3763.73,1,3,4
233,game_428,3763.58,1,2,1
234,game_1225,3761.45,1,6,5
235,game_904,3752.7000000000003,1,5,4
236,game_1106,3751.88,1,2,3
237,game_892,3749.74,1,4,5
238,game_79,3747.88,1,5,4
239,game_1123,3739.0299999999997,1,2,3
240,game_276,3733.66,1,1,2
241,game_662,3731.82,1,3,4
242,game_873,3728.35,1,4,3
243,game_140,3728.0099999999998,1,2,3
244,game_1128,3727.68,1,2,3
245,game_506,3723.02,1,5,4
246,game_285,3716.35,1,5,4
247,game_328,3715.32,1,3,4
248,game_1199,3714.37,1,5,6
249,game_654,3703.52,1,3,2
250,game_265,3686.75,1,4,3
251,game_1243,3686.34,1,2,3
252,game_677,3683.18,1,2,1
253,game_598,3682.42,1,5,4
254,game_441,3670.37,1,5,6
255,game_107,3667.57,1,2,1
256,game_186,3664.7599999999998,1,3,2
257,game_1158,3661.9,1,3,2
258,game_1072,3659.71,1,3,4
259,game_755,3655.67,1,3,2
260,game_611,3654.19,1,2,3
261,game_534,3650.96,1,2,1
262,game_1172,3650.4,1,3,2
263,game_548,3649.23,1,1,2
264,game_754,3647.74,1,4,5
265,game_1146,3642.75,1,4,3
266,game_862,3642.48,1,3,2
267,game_260,3642.07,1,2,3
268,game_471,3639.18,1,2,1
269,game_950,3634.39,1,2,1
270,game_872,3634.36,1,4,3
271,game_343,3620.4,1,4,3
272,game_6,3619.73,1,4,5
273,game_943,3618.91,1,5,4
274,game_1045,3616.8,1,2,3
275,game_818,3616.12,1,3,2
276,game_40,3615.03,1,3,4
277,game_1103,3614.21,1,3,4
278,game_141,3613.01,1,1,2
279,game_956,3611.82,1,2,3
280,game_407,3611.65,1,3,2
281,game_296,3609.89,1,4,3
282,game_988,3608.61,1,5,6
283,game_516,3605.89,1,4,3
284,game_1082,3605.27,1,6,5
285,game_1160,3604.03,1,3,2
286,game_884,3603.12,1,0,1
287,game_937,3602.46,1,4,3
288,game_460,3601.31,1,2,1
289,game_250,3600.04,0,3,1
290,game_660,3600.03,0,4,5
291,game_1000,3600.03,0,5,0
292,game_200,3600.03,0,4,2
293,game_422,3600.03,0,2,1
294,game_166,3600.03,0,3,7
295,game_63,3600.03,0,6,4
296,game_275,3600.03,0,2,5
297,game_846,3600.03,0,2,1
298,game_1192,3600.03,0,5,1
299,game_1115,3600.03,0,2,3
300,game_511,3600.03,0,2,1
301,game_1084,3600.03,0,2,0
302,game_1180,3600.03,0,3,2
303,game_719,3600.03,0,2,4
304,game_658,3600.0299999999997,0,3,6
305,game_110,3600.0299999999997,0,4,5
306,game_910,3600.0299999999997,0,3,1
307,game_1109,3600.0299999999997,0,3,4
308,game_345,3600.0299999999997,0,4,1
309,game_340,3600.0299999999997,0,6,0
310,game_835,3600.0299999999997,0,3,1
311,game_468,3600.02,0,0,2
312,game_983,3600.02,0,3,2
313,game_500,3600.02,0,1,3
314,game_686,3600.02,0,1,6
315,game_158,3600.02,0,4,0
316,game_157,3600.02,0,4,1
317,game_1085,3600.02,0,5,1
318,game_214,3600.02,0,2,1
319,game_532,3600.02,0,1,3
320,game_22,3600.02,0,2,1
321,game_71,3600.02,0,1,4
322,game_94,3600.02,0,3,2
323,game_1030,3600.02,0,2,3
324,game_150,3600.02,0,2,3
325,game_230,3600.02,0,0,1
326,game_705,3600.02,0,1,2
327,game_760,3600.02,0,4,3
328,game_567,3600.02,0,4,3
329,game_454,3600.02,0,0,4
330,game_144,3600.02,0,2,3
331,game_1006,3600.02,0,5,1
332,game_696,3600.02,0,4,5
333,game_142,3600.02,0,4,1
334,game_16,3600.02,0,5,4
335,game_538,3600.02,0,3,4
336,game_1066,3600.02,0,1,5
337,game_545,3600.02,0,2,1
338,game_560,3600.02,0,2,0
339,game_175,3600.02,0,6,1
340,game_189,3600.02,0,3,4
341,game_173,3600.02,0,4,1
342,game_562,3600.02,0,5,4
343,game_191,3600.02,0,1,4
344,game_1076,3600.02,0,4,2
345,game_283,3600.02,0,0,4
346,game_169,3600.02,0,3,2
347,game_168,3600.02,0,5,1
348,game_197,3600.02,0,5,6
349,game_539,3600.02,0,5,3
350,game_486,3600.02,0,6,2
351,game_165,3600.02,0,2,1
352,game_96,3600.02,0,3,2
353,game_164,3600.02,0,3,7
354,game_1081,3600.02,0,0,3
355,game_965,3600.02,0,3,5
356,game_748,3600.02,0,5,0
357,game_161,3600.02,0,3,4
358,game_490,3600.02,0,2,3
359,game_1038,3600.02,0,4,0
360,game_1203,3600.02,0,2,4
361,game_569,3600.02,0,3,0
362,game_306,3600.02,0,4,3
363,game_81,3600.02,0,4,3
364,game_1250,3600.02,0,8,4
365,game_351,3600.02,0,3,5
366,game_417,3600.02,0,4,5
367,game_115,3600.02,0,1,0
368,game_813,3600.02,0,3,4
369,game_1262,3600.02,0,2,3
370,game_9,3600.02,0,3,1
371,game_1280,3600.02,0,2,0
372,game_431,3600.02,0,2,3
373,game_900,3600.02,0,2,3
374,game_433,3600.02,0,3,0
375,game_8,3600.02,0,3,4
376,game_1131,3600.02,0,3,4
377,game_1129,3600.02,0,3,2
378,game_363,3600.02,0,3,4
379,game_1163,3600.02,0,4,2
380,game_1164,3600.02,0,5,0
381,game_88,3600.02,0,3,2
382,game_592,3600.02,0,2,6
383,game_833,3600.02,0,1,5
384,game_1233,3600.02,0,7,1
385,game_1181,3600.02,0,6,3
386,game_871,3600.02,0,0,4
387,game_1185,3600.02,0,1,2
388,game_1187,3600.02,0,2,4
389,game_1191,3600.02,0,5,2
390,game_1195,3600.02,0,5,4
391,game_1214,3600.02,0,3,2
392,game_1198,3600.02,0,5,1
393,game_599,3600.02,0,3,4
394,game_860,3600.02,0,8,3
395,game_902,3600.02,0,1,0
396,game_426,3600.02,0,5,6
397,game_1281,3600.02,0,1,4
398,game_440,3600.02,0,1,0
399,game_766,3600.02,0,9,4
400,game_31,3600.02,0,4,1
401,game_77,3600.02,0,2,1
402,game_1098,3600.02,0,7,3
403,game_927,3600.02,0,5,1
404,game_131,3600.02,0,4,0
405,game_779,3600.02,0,6,2
406,game_656,3600.02,0,0,4
407,game_335,3600.02,0,6,1
408,game_448,3600.02,0,2,5
409,game_324,3600.02,0,2,3
410,game_789,3600.02,0,3,6
411,game_655,3600.02,0,3,4
412,game_792,3600.02,0,0,4
413,game_1126,3600.02,0,3,1
414,game_647,3600.02,0,3,1
415,game_1283,3600.02,0,2,1
416,game_650,3600.02,0,3,2
417,game_458,3600.01,0,2,1
418,game_402,3600.01,0,2,3
419,game_509,3600.01,0,1,2
420,game_688,3600.01,0,4,0
421,game_474,3600.01,0,3,8
422,game_403,3600.01,0,4,1
423,game_607,3600.01,0,10,3
424,game_264,3600.01,0,2,3
425,game_46,3600.01,0,1,2
426,game_29,3600.01,0,4,2
427,game_649,3600.01,0,2,3
428,game_531,3600.01,0,1,6
429,game_690,3600.01,0,3,4
430,game_687,3600.01,0,2,1
431,game_258,3600.01,0,4,0
432,game_384,3600.01,0,9,4
433,game_568,3600.01,0,4,2
434,game_530,3600.01,0,4,5
435,game_579,3600.01,0,5,2
436,game_529,3600.01,0,1,5
437,game_692,3600.01,0,2,3
438,game_387,3600.01,0,1,3
439,game_61,3600.01,0,4,3
440,game_676,3600.01,0,8,1
441,game_603,3600.01,0,2,4
442,game_522,3600.01,0,2,0
443,game_571,3600.01,0,2,3
444,game_10,3600.01,0,4,3
445,game_503,3600.01,0,0,4
446,game_438,3600.01,0,3,2
447,game_475,3600.01,0,2,3
448,game_478,3600.01,0,5,3
449,game_427,3600.01,0,4,5
450,game_307,3600.01,0,8,3
451,game_479,3600.01,0,6,2
452,game_44,3600.01,0,3,2
453,game_644,3600.01,0,2,6
454,game_325,3600.01,0,1,2
455,game_461,3600.01,0,2,1
456,game_636,3600.01,0,3,4
457,game_635,3600.01,0,1,4
458,game_354,3600.01,0,4,1
459,game_355,3600.01,0,6,4
460,game_56,3600.01,0,4,2
461,game_49,3600.01,0,5,3
462,game_356,3600.01,0,2,3
463,game_36,3600.01,0,2,3
464,game_320,3600.01,0,5,4
465,game_589,3600.01,0,3,2
466,game_495,3600.01,0,2,3
467,game_410,3600.01,0,1,3
468,game_683,3600.01,0,2,1
469,game_665,3600.01,0,3,2
470,game_645,3600.01,0,2,3
471,game_318,3600.01,0,6,3
472,game_386,3600.01,0,5,1
473,game_999,3600.01,0,2,3
474,game_1049,3600.01,0,3,0
475,game_743,3600.01,0,7,6
476,game_780,3600.01,0,8,0
477,game_839,3600.01,0,0,1
478,game_78,3600.01,0,3,2
479,game_777,3600.01,0,0,1
480,game_1308,3600.01,0,2,0
481,game_774,3600.01,0,4,7
482,game_1310,3600.01,0,1,3
483,game_1223,3600.01,0,2,7
484,game_1143,3600.01,0,4,3
485,game_1107,3600.01,0,4,3
486,game_139,3600.01,0,2,3
487,game_970,3600.01,0,3,5
488,game_763,3600.01,0,5,3
489,game_941,3600.01,0,2,3
490,game_1079,3600.01,0,2,3
491,game_1211,3600.01,0,4,0
492,game_160,3600.01,0,2,1
493,game_898,3600.01,0,4,0
494,game_1029,3600.01,0,5,2
495,game_746,3600.01,0,4,6
496,game_745,3600.01,0,7,1
497,game_1028,3600.01,0,5,1
498,game_852,3600.01,0,4,3
499,game_1235,3600.01,0,6,1
500,game_788,3600.01,0,2,5
501,game_1238,3600.01,0,1,2
502,game_811,3600.01,0,2,0
503,game_954,3600.01,0,7,2
504,game_1252,3600.01,0,7,4
505,game_1253,3600.01,0,9,3
506,game_1152,3600.01,0,4,2
507,game_819,3600.01,0,1,2
508,game_1248,3600.01,0,5,1
509,game_1153,3600.01,0,3,1
510,game_814,3600.01,0,1,2
511,game_1260,3600.01,0,6,5
512,game_1264,3600.01,0,1,10
513,game_1274,3600.01,0,3,7
514,game_1291,3600.01,0,7,1
515,game_1277,3600.01,0,1,2
516,game_1278,3600.01,0,7,2
517,game_798,3600.01,0,3,2
518,game_1282,3600.01,0,5,1
519,game_964,3600.01,0,2,1
520,game_796,3600.01,0,1,2
521,game_1039,3600.01,0,6,1
522,game_969,3600.01,0,4,3
523,game_129,3600.01,0,1,2
524,game_1144,3600.01,0,1,4
525,game_744,3600.01,0,0,2
526,game_116,3600.01,0,4,2
527,game_824,3600.01,0,2,3
528,game_712,3600.01,0,2,1
529,game_1007,3600.01,0,4,2
530,game_72,3600.01,0,3,2
531,game_208,3600.01,0,1,6
532,game_235,3600.01,0,5,2
533,game_210,3600.01,0,2,3
534,game_718,3600.01,0,5,1
535,game_982,3600.01,0,1,5
536,game_1136,3600.01,0,2,1
537,game_706,3600.01,0,1,7
538,game_1095,3600.01,0,0,2
539,game_981,3600.01,0,4,3
540,game_120,3600.01,0,3,2
541,game_220,3600.01,0,6,1
542,game_992,3600.01,0,1,0
543,game_223,3600.01,0,1,0
544,game_12,3600.01,0,2,1
545,game_1092,3600.01,0,4,1
546,game_225,3600.01,0,6,0
547,game_1118,3600.01,0,1,2
548,game_229,3600.01,0,3,4
549,game_1003,3600.01,0,4,3
550,game_934,3600.01,0,5,3
551,game_204,3600.01,0,3,2
552,game_864,3600.01,0,2,1
553,game_1026,3600.01,0,1,7
554,game_1080,3600.01,0,4,0
555,game_1023,3600.01,0,1,4
556,game_735,3600.01,0,2,1
557,game_1100,3600.01,0,2,5
558,game_730,3600.01,0,7,0
559,game_1022,3600.01,0,2,3
560,game_113,3600.01,0,1,2
561,game_708,3600.01,0,5,4
562,game_976,3600.01,0,1,2
563,game_997,3600.01,0,3,5
564,game_1018,3600.01,0,3,6
565,game_198,3600.01,0,2,0
566,game_117,3600.01,0,4,2
567,game_1171,3600.0099999999998,0,5,3
568,game_87,3600.0099999999998,0,2,1
569,game_1240,3600.0099999999998,0,4,3
570,game_554,3600.0099999999998,0,3,4
571,game_42,3600.0099999999998,0,1,7
572,game_627,3600.0099999999998,0,1,5
573,game_1060,3600.0099999999998,0,5,2
574,game_57,3600.0099999999998,0,3,2
575,game_1058,3600.0099999999998,0,5,1
576,game_827,3600.0099999999998,0,4,5
577,game_93,3600.0099999999998,0,4,0
578,game_609,3600.0099999999998,0,1,2
579,game_557,3600.0099999999998,0,5,2
580,game_1167,3600.0099999999998,0,2,1
581,game_39,3600.0099999999998,0,7,5
582,game_1086,3600.0099999999998,0,3,2
583,game_413,3600.0099999999998,0,5,4
584,game_957,3600.0099999999998,0,4,0
585,game_242,3600.0099999999998,0,4,0
586,game_383,3600.0099999999998,0,2,1
587,game_393,3600.0099999999998,0,1,2
588,game_565,3600.0099999999998,0,4,0
589,game_111,3600.0099999999998,0,2,6
590,game_419,3600.0099999999998,0,0,1
591,game_379,3600.0099999999998,0,2,4
592,game_613,3600.0099999999998,0,4,0
593,game_1068,3600.0099999999998,0,2,1
594,game_588,3600.0099999999998,0,2,1
595,game_47,3600.0099999999998,0,5,4
596,game_398,3600.0099999999998,0,2,3
597,game_855,3600.0099999999998,0,2,1
598,game_1065,3600.0099999999998,0,0,6
599,game_470,3600.0099999999998,0,1,2
600,game_97,3600.0099999999998,0,4,0
601,game_823,3600.0099999999998,0,0,2
602,game_510,3600.0099999999998,0,4,0
603,game_155,3600.0099999999998,0,1,2
604,game_750,3600.0099999999998,0,0,5
605,game_1139,3600.0099999999998,0,2,4
606,game_672,3600.0099999999998,0,2,0
607,game_535,3600.0099999999998,0,2,1
608,game_179,3600.0099999999998,0,6,3
609,game_582,3600.0099999999998,0,4,1
610,game_679,3600.0099999999998,0,2,1
611,game_284,3600.0099999999998,0,1,5
612,game_279,3600.0099999999998,0,6,3
613,game_723,3600.0099999999998,0,4,5
614,game_720,3600.0099999999998,0,4,3
615,game_1142,3600.0099999999998,0,2,1
616,game_711,3600.0099999999998,0,3,4
617,game_224,3600.0099999999998,0,3,4
618,game_261,3600.0099999999998,0,3,2
619,game_1132,3600.0099999999998,0,2,1
620,game_911,3600.0099999999998,0,2,6
621,game_703,3600.0099999999998,0,1,2
622,game_521,3600.0099999999998,0,1,2
623,game_698,3600.0099999999998,0,7,2
624,game_91,3600.0099999999998,0,2,5
625,game_701,3600.0099999999998,0,1,3
626,game_700,3600.0099999999998,0,3,4
627,game_958,3600.0099999999998,0,3,2
628,game_664,3600.0099999999998,0,1,0
629,game_499,3600.0099999999998,0,3,4
630,game_308,3600.0099999999998,0,0,1
631,game_1150,3600.0099999999998,0,1,4
632,game_483,3600.0099999999998,0,2,5
633,game_959,3600.0099999999998,0,7,4
634,game_1266,3600.0099999999998,0,4,2
635,game_544,3600.0099999999998,0,6,2
636,game_105,3600.0099999999998,0,4,3
637,game_577,3600.0099999999998,0,2,4
638,game_445,3600.0099999999998,0,4,2
639,game_424,3600.0099999999998,0,4,1
640,game_327,3600.0099999999998,0,1,4
641,game_875,3600.0099999999998,0,2,0
642,game_494,3600.0099999999998,0,3,1
643,game_323,3600.0099999999998,0,3,5
644,game_130,3600.0099999999998,0,3,2
645,game_781,3600.0099999999998,0,2,1
646,game_1303,3600.0099999999998,0,7,2
647,game_1034,3600.0099999999998,0,2,1
648,game_316,3600.0099999999998,0,5,4
649,game_312,3600.0099999999998,0,3,2
650,game_772,3600.0099999999998,0,0,1
651,game_769,3600.0099999999998,0,4,0
652,game_497,3600.0099999999998,0,1,0
653,game_874,3600.0099999999998,0,1,2
654,game_92,3600.0,0,3,5
655,game_917,3600.0,0,2,4
656,game_918,3600.0,0,2,1
657,game_575,3600.0,0,1,2
658,game_70,3600.0,0,0,2
659,game_921,3600.0,0,2,9
660,game_930,3600.0,0,3,1
661,game_527,3600.0,0,2,3
662,game_998,3600.0,0,4,2
663,game_528,3600.0,0,6,1
664,game_996,3600.0,0,0,5
665,game_994,3600.0,0,2,4
666,game_990,3600.0,0,3,0
667,game_99,3600.0,0,5,1
668,game_975,3600.0,0,0,2
669,game_974,3600.0,0,1,2
670,game_973,3600.0,0,5,2
671,game_972,3600.0,0,4,0
672,game_971,3600.0,0,2,1
673,game_54,3600.0,0,5,2
674,game_540,3600.0,0,7,1
675,game_967,3600.0,0,2,4
676,game_960,3600.0,0,2,4
677,game_546,3600.0,0,7,3
678,game_550,3600.0,0,5,1
679,game_553,3600.0,0,1,4
680,game_953,3600.0,0,4,2
681,game_948,3600.0,0,5,2
682,game_947,3600.0,0,4,1
683,game_946,3600.0,0,2,3
684,game_561,3600.0,0,2,3
685,game_944,3600.0,0,2,4
686,game_940,3600.0,0,4,3
687,game_939,3600.0,0,3,0
688,game_938,3600.0,0,2,1
689,game_566,3600.0,0,3,2
690,game_908,3600.0,0,1,4
691,game_849,3600.0,0,7,0
692,game_907,3600.0,0,6,1
693,game_784,3600.0,0,2,0
694,game_747,3600.0,0,3,2
695,game_668,3600.0,0,7,3
696,game_666,3600.0,0,4,1
697,game_751,3600.0,0,5,4
698,game_762,3600.0,0,4,0
699,game_764,3600.0,0,4,3
700,game_765,3600.0,0,5,1
701,game_66,3600.0,0,0,1
702,game_776,3600.0,0,3,2
703,game_790,3600.0,0,4,1
704,game_525,3600.0,0,4,1
705,game_791,3600.0,0,2,1
706,game_651,3600.0,0,5,1
707,game_795,3600.0,0,2,7
708,game_648,3600.0,0,0,1
709,game_797,3600.0,0,2,0
710,game_646,3600.0,0,2,1
711,game_800,3600.0,0,6,4
712,game_804,3600.0,0,1,3
713,game_809,3600.0,0,1,2
714,game_67,3600.0,0,3,2
715,game_675,3600.0,0,4,1
716,game_637,3600.0,0,2,4
717,game_710,3600.0,0,1,4
718,game_699,3600.0,0,3,4
719,game_697,3600.0,0,1,2
720,game_702,3600.0,0,3,0
721,game_695,3600.0,0,3,4
722,game_694,3600.0,0,1,5
723,game_693,3600.0,0,6,1
724,game_707,3600.0,0,5,1
725,game_691,3600.0,0,0,3
726,game_709,3600.0,0,2,3
727,game_713,3600.0,0,2,3
728,game_740,3600.0,0,9,1
729,game_714,3600.0,0,1,4
730,game_716,3600.0,0,3,4
731,game_722,3600.0,0,3,4
732,game_680,3600.0,0,2,8
733,game_728,3600.0,0,6,3
734,game_68,3600.0,0,3,4
735,game_73,3600.0,0,2,3
736,game_738,3600.0,0,4,2
737,game_74,3600.0,0,5,3
738,game_638,3600.0,0,4,1
739,game_817,3600.0,0,6,1
740,game_903,3600.0,0,5,3
741,game_595,3600.0,0,6,2
742,game_859,3600.0,0,2,3
743,game_86,3600.0,0,3,1
744,game_602,3600.0,0,4,0
745,game_60,3600.0,0,3,5
746,game_861,3600.0,0,3,2
747,game_863,3600.0,0,3,0
748,game_865,3600.0,0,2,3
749,game_868,3600.0,0,4,3
750,game_869,3600.0,0,1,2
751,game_594,3600.0,0,2,0
752,game_857,3600.0,0,4,2
753,game_59,3600.0,0,5,4
754,game_888,3600.0,0,1,4
755,game_89,3600.0,0,3,6
756,game_890,3600.0,0,8,2
757,game_893,3600.0,0,4,5
758,game_897,3600.0,0,1,5
759,game_580,3600.0,0,3,0
760,game_901,3600.0,0,4,3
761,game_58,3600.0,0,4,0
762,game_606,3600.0,0,1,2
763,game_856,3600.0,0,4,2
764,game_82,3600.0,0,5,1
765,game_622,3600.0,0,2,4
766,game_821,3600.0,0,4,1
767,game_634,3600.0,0,1,0
768,game_632,3600.0,0,2,0
769,game_630,3600.0,0,5,2
770,game_825,3600.0,0,0,2
771,game_629,3600.0,0,3,1
772,game_826,3600.0,0,2,0
773,game_626,3600.0,0,4,3
774,game_830,3600.0,0,3,0
775,game_621,3600.0,0,3,0
776,game_851,3600.0,0,3,1
777,game_618,3600.0,0,1,2
778,game_838,3600.0,0,2,3
779,game_84,3600.0,0,1,4
780,game_840,3600.0,0,0,3
781,game_843,3600.0,0,2,1
782,game_844,3600.0,0,2,0
783,game_610,3600.0,0,0,3
784,game_845,3600.0,0,2,3
785,game_847,3600.0,0,2,3
786,game_526,3600.0,0,2,0
787,game_408,3600.0,0,3,1
788,game_524,3600.0,0,0,3
789,game_156,3600.0,0,0,2
790,game_215,3600.0,0,4,2
791,game_213,3600.0,0,4,0
792,game_211,3600.0,0,1,2
793,game_206,3600.0,0,3,6
794,game_203,3600.0,0,0,1
795,game_20,3600.0,0,5,4
796,game_194,3600.0,0,7,3
797,game_190,3600.0,0,3,4
798,game_181,3600.0,0,3,5
799,game_18,3600.0,0,4,3
800,game_177,3600.0,0,0,5
801,game_176,3600.0,0,2,4
802,game_174,3600.0,0,2,1
803,game_162,3600.0,0,2,4
804,game_154,3600.0,0,2,6
805,game_226,3600.0,0,3,4
806,game_152,3600.0,0,2,3
807,game_149,3600.0,0,6,2
808,game_147,3600.0,0,3,6
809,game_523,3600.0,0,3,0
810,game_14,3600.0,0,1,4
811,game_137,3600.0,0,1,3
812,game_135,3600.0,0,1,2
813,game_1309,3600.0,0,5,4
814,game_1307,3600.0,0,5,2
815,game_1305,3600.0,0,2,1
816,game_1304,3600.0,0,4,0
817,game_1302,3600.0,0,1,4
818,game_1300,3600.0,0,7,3
819,game_1293,3600.0,0,2,1
820,game_222,3600.0,0,3,7
821,game_232,3600.0,0,0,2
822,game_333,3600.0,0,2,3
823,game_290,3600.0,0,2,3
824,game_330,3600.0,0,0,3
825,game_33,3600.0,0,2,1
826,game_329,3600.0,0,4,0
827,game_321,3600.0,0,1,2
828,game_32,3600.0,0,6,3
829,game_319,3600.0,0,3,0
830,game_313,3600.0,0,2,6
831,game_311,3600.0,0,0,2
832,game_304,3600.0,0,0,1
833,game_302,3600.0,0,2,4
834,game_30,3600.0,0,3,2
835,game_295,3600.0,0,5,1
836,game_293,3600.0,0,0,3
837,game_292,3600.0,0,1,3
838,game_287,3600.0,0,3,2
839,game_236,3600.0,0,2,3
840,game_281,3600.0,0,0,1
841,game_274,3600.0,0,4,3
842,game_271,3600.0,0,8,2
843,game_270,3600.0,0,3,1
844,game_269,3600.0,0,0,1
845,game_26,3600.0,0,3,1
846,game_253,3600.0,0,1,3
847,game_25,3600.0,0,1,0
848,game_249,3600.0,0,5,0
849,game_248,3600.0,0,5,1
850,game_246,3600.0,0,2,3
851,game_241,3600.0,0,4,2
852,game_24,3600.0,0,2,1
853,game_239,3600.0,0,4,0
854,game_1289,3600.0,0,3,0
855,game_1288,3600.0,0,3,2
856,game_127,3600.0,0,1,4
857,game_1067,3600.0,0,3,7
858,game_1127,3600.0,0,3,4
859,game_1122,3600.0,0,3,2
860,game_1120,3600.0,0,4,1
861,game_112,3600.0,0,1,4
862,game_1111,3600.0,0,5,2
863,game_1105,3600.0,0,6,0
864,game_1102,3600.0,0,2,1
865,game_1101,3600.0,0,3,2
866,game_11,3600.0,0,5,1
867,game_1097,3600.0,0,5,1
868,game_1093,3600.0,0,3,2
869,game_1090,3600.0,0,1,0
870,game_109,3600.0,0,4,5
871,game_1074,3600.0,0,4,1
872,game_106,3600.0,0,2,1
873,game_1269,3600.0,0,3,2
874,game_1057,3600.0,0,3,0
875,game_1054,3600.0,0,1,4
876,game_1048,3600.0,0,2,3
877,game_1046,3600.0,0,1,2
878,game_1044,3600.0,0,4,3
879,game_1040,3600.0,0,5,6
880,game_1035,3600.0,0,7,2
881,game_1027,3600.0,0,2,6
882,game_1024,3600.0,0,2,5
883,game_1020,3600.0,0,5,3
884,game_1013,3600.0,0,5,1
885,game_101,3600.0,0,2,4
886,game_1004,3600.0,0,1,4
887,game_100,3600.0,0,4,5
888,game_1133,3600.0,0,3,2
889,game_1138,3600.0,0,4,0
890,game_114,3600.0,0,2,0
891,game_1141,3600.0,0,3,4
892,game_1261,3600.0,0,3,2
893,game_126,3600.0,0,3,7
894,game_1259,3600.0,0,4,2
895,game_1257,3600.0,0,3,5
896,game_1255,3600.0,0,4,2
897,game_125,3600.0,0,3,6
898,game_1247,3600.0,0,1,4
899,game_1246,3600.0,0,1,3
900,game_1237,3600.0,0,5,2
901,game_1228,3600.0,0,0,1
902,game_1224,3600.0,0,3,1
903,game_1221,3600.0,0,4,1
904,game_1216,3600.0,0,2,4
905,game_1210,3600.0,0,1,2
906,game_1207,3600.0,0,5,6
907,game_1206,3600.0,0,3,1
908,game_1201,3600.0,0,2,4
909,game_1193,3600.0,0,7,4
910,game_1190,3600.0,0,2,3
911,game_119,3600.0,0,6,9
912,game_1188,3600.0,0,7,2
913,game_1183,3600.0,0,3,4
914,game_1182,3600.0,0,2,4
915,game_1176,3600.0,0,2,1
916,game_1168,3600.0,0,4,0
917,game_1165,3600.0,0,4,6
918,game_1162,3600.0,0,8,2
919,game_1154,3600.0,0,2,3
920,game_1145,3600.0,0,1,5
921,game_331,3600.0,0,3,1
922,game_145,3600.0,0,1,3
923,game_484,3600.0,0,0,4
924,game_397,3600.0,0,2,0
925,game_396,3600.0,0,1,3
926,game_476,3600.0,0,2,4
927,game_392,3600.0,0,3,1
928,game_50,3600.0,0,2,4
929,game_477,3600.0,0,4,3
930,game_436,3600.0,0,2,4
931,game_48,3600.0,0,5,1
932,game_364,3600.0,0,2,1
933,game_452,3600.0,0,2,0
934,game_366,3600.0,0,2,1
935,game_446,3600.0,0,4,1
936,game_388,3600.0,0,2,1
937,game_447,3600.0,0,4,0
938,game_491,3600.0,0,2,1
939,game_380,3600.0,0,6,5
940,game_449,3600.0,0,2,3
941,game_481,3600.0,0,1,0
942,game_451,3600.0,0,0,3
943,game_450,3600.0,0,3,1
944,game_378,3600.0,0,2,1
945,game_374,3600.0,0,3,2
946,game_459,3600.0,0,0,4
947,game_482,3600.0,0,2,1
948,game_429,3600.0,0,3,0
949,game_472,3600.0,0,4,1
950,game_400,3600.0,0,2,6
951,game_4,3600.0,0,0,1
952,game_348,3600.0,0,5,0
953,game_467,3600.0,0,4,1
954,game_401,3600.0,0,2,1
955,game_405,3600.0,0,1,4
956,game_465,3600.0,0,4,2
957,game_463,3600.0,0,1,4
958,game_341,3600.0,0,0,2
959,game_409,3600.0,0,4,3
960,game_1204,3599.9900000000002,0,1,2
961,game_389,3599.9900000000002,0,5,0
962,game_195,3599.9900000000002,0,2,3
963,game_1279,3599.9900000000002,0,3,1
964,game_1110,3599.9900000000002,0,4,3
965,game_138,3599.9900000000002,0,4,5
966,game_420,3599.9900000000002,0,0,4
967,game_1311,3599.9900000000002,0,3,0
968,game_721,3599.9900000000002,0,4,0
969,game_724,3599.9900000000002,0,2,3
970,game_1177,3599.9900000000002,0,5,3
971,game_767,3599.9900000000002,0,2,7
972,game_136,3599.9900000000002,0,2,6
973,game_1196,3599.9900000000002,0,2,0
974,game_1112,3599.9900000000002,0,3,1
975,game_192,3599.9900000000002,0,4,2
976,game_377,3599.9900000000002,0,4,3
977,game_559,3599.9900000000002,0,0,1
978,game_13,3599.9900000000002,0,1,6
979,game_457,3599.9900000000002,0,3,4
980,game_1299,3599.9900000000002,0,6,0
981,game_1301,3599.9900000000002,0,2,1
982,game_1296,3599.9900000000002,0,7,3
983,game_555,3599.9900000000002,0,6,1
984,game_394,3599.9900000000002,0,5,3
985,game_867,3599.9900000000002,0,1,3
986,game_753,3599.9900000000002,0,2,1
987,game_1156,3599.9900000000002,0,1,5
988,game_759,3599.9900000000002,0,4,3
989,game_1157,3599.9900000000002,0,4,3
990,game_183,3599.9900000000002,0,6,3
991,game_453,3599.9900000000002,0,3,6
992,game_551,3599.9900000000002,0,1,2
993,game_590,3599.9900000000002,0,5,2
994,game_1116,3599.9900000000002,0,1,3
995,game_605,3599.9900000000002,0,1,5
996,game_1,3599.9900000000002,0,1,3
997,game_929,3599.9900000000002,0,4,3
998,game_353,3599.9900000000002,0,5,4
999,game_360,3599.9900000000002,0,1,2
1000,game_1047,3599.9900000000002,0,1,2
1001,game_841,3599.9900000000002,0,2,3
1002,game_810,3599.9900000000002,0,3,4
1003,game_966,3599.9900000000002,0,7,2
1004,game_1265,3599.9900000000002,0,2,7
1005,game_968,3599.9900000000002,0,3,1
1006,game_1037,3599.9900000000002,0,0,3
1007,game_1032,3599.9900000000002,0,2,3
1008,game_533,3599.9900000000002,0,4,1
1009,game_512,3599.9900000000002,0,8,2
1010,game_299,3599.9900000000002,0,1,5
1011,game_1050,3599.9900000000002,0,3,1
1012,game_979,3599.9900000000002,0,6,2
1013,game_300,3599.9900000000002,0,5,0
1014,game_1019,3599.9900000000002,0,2,1
1015,game_305,3599.9900000000002,0,3,6
1016,game_1230,3599.9900000000002,0,4,1
1017,game_309,3599.9900000000002,0,5,1
1018,game_1017,3599.9900000000002,0,5,0
1019,game_430,3599.9900000000002,0,3,2
1020,game_513,3599.9900000000002,0,1,4
1021,game_581,3599.9900000000002,0,1,2
1022,game_642,3599.9900000000002,0,9,3
1023,game_273,3599.9900000000002,0,5,3
1024,game_962,3599.9900000000002,0,3,4
1025,game_406,3599.9900000000002,0,2,1
1026,game_807,3599.9900000000002,0,5,1
1027,game_936,3599.9900000000002,0,3,5
1028,game_234,3599.9900000000002,0,7,3
1029,game_1088,3599.9900000000002,0,11,3
1030,game_237,3599.9900000000002,0,8,2
1031,game_1096,3599.9900000000002,0,2,0
1032,game_628,3599.9900000000002,0,5,1
1033,game_122,3599.9900000000002,0,5,4
1034,game_369,3599.9900000000002,0,2,3
1035,game_623,3599.9900000000002,0,0,5
1036,game_367,3599.9900000000002,0,0,4
1037,game_254,3599.9900000000002,0,1,4
1038,game_1053,3599.9900000000002,0,1,4
1039,game_259,3599.9900000000002,0,1,2
1040,game_444,3599.9900000000002,0,1,3
1041,game_842,3599.9900000000002,0,3,1
1042,game_267,3599.9900000000002,0,3,1
1043,game_362,3599.9900000000002,0,2,3
1044,game_829,3599.99,0,3,4
1045,game_83,3599.99,0,2,1
1046,game_570,3599.99,0,3,2
1047,game_124,3599.99,0,4,3
1048,game_877,3599.99,0,3,0
1049,game_439,3599.99,0,3,1
1050,game_563,3599.99,0,4,1
1051,game_1241,3599.99,0,0,2
1052,game_837,3599.99,0,1,3
1053,game_455,3599.99,0,2,5
1054,game_1202,3599.99,0,2,1
1055,game_850,3599.99,0,2,3
1056,game_1218,3599.99,0,4,5
1057,game_1219,3599.99,0,4,0
1058,game_1226,3599.99,0,3,0
1059,game_870,3599.99,0,1,3
1060,game_1194,3599.99,0,1,4
1061,game_1189,3599.99,0,3,2
1062,game_858,3599.99,0,2,5
1063,game_443,3599.99,0,2,3
1064,game_909,3599.99,0,3,5
1065,game_879,3599.99,0,3,1
1066,game_104,3599.99,0,4,3
1067,game_1075,3599.99,0,6,1
1068,game_541,3599.99,0,4,0
1069,game_949,3599.99,0,5,1
1070,game_1062,3599.99,0,0,3
1071,game_1061,3599.99,0,4,2
1072,game_492,3599.99,0,3,0
1073,game_496,3599.99,0,5,3
1074,game_1052,3599.99,0,1,4
1075,game_1051,3599.99,0,4,5
1076,game_537,3599.99,0,1,2
1077,game_536,3599.99,0,0,2
1078,game_508,3599.99,0,5,6
1079,game_1175,3599.99,0,1,4
1080,game_977,3599.99,0,2,0
1081,game_978,3599.99,0,2,3
1082,game_980,3599.99,0,7,3
1083,game_1014,3599.99,0,1,6
1084,game_987,3599.99,0,6,3
1085,game_1011,3599.99,0,2,1
1086,game_1010,3599.99,0,0,4
1087,game_514,3599.99,0,3,5
1088,game_1005,3599.99,0,2,1
1089,game_517,3599.99,0,4,2
1090,game_1001,3599.99,0,2,3
1091,game_1087,3599.99,0,6,1
1092,game_935,3599.99,0,3,0
1093,game_1091,3599.99,0,6,3
1094,game_1099,3599.99,0,6,1
1095,game_1169,3599.99,0,0,6
1096,game_882,3599.99,0,2,3
1097,game_886,3599.99,0,5,3
1098,game_887,3599.99,0,2,3
1099,game_1149,3599.99,0,2,8
1100,game_1147,3599.99,0,7,5
1101,game_894,3599.99,0,1,6
1102,game_473,3599.99,0,3,4
1103,game_556,3599.99,0,2,1
1104,game_1137,3599.99,0,1,2
1105,game_90,3599.99,0,4,0
1106,game_1135,3599.99,0,5,1
1107,game_1124,3599.99,0,8,1
1108,game_905,3599.99,0,8,3
1109,game_1121,3599.99,0,1,5
1110,game_1119,3599.99,0,4,0
1111,game_480,3599.99,0,3,1
1112,game_919,3599.99,0,5,2
1113,game_922,3599.99,0,1,2
1114,game_547,3599.99,0,1,2
1115,game_924,3599.99,0,5,4
1116,game_925,3599.99,0,8,3
1117,game_926,3599.99,0,1,0
1118,game_1244,3599.99,0,5,4
1119,game_334,3599.99,0,1,5
1120,game_775,3599.99,0,6,5
1121,game_143,3599.99,0,3,4
1122,game_257,3599.99,0,5,3
1123,game_600,3599.99,0,0,2
1124,game_752,3599.99,0,1,0
1125,game_153,3599.99,0,2,0
1126,game_359,3599.99,0,5,4
1127,game_151,3599.99,0,5,0
1128,game_286,3599.99,0,1,0
1129,game_148,3599.99,0,5,3
1130,game_146,3599.99,0,1,3
1131,game_596,3599.99,0,4,0
1132,game_1295,3599.99,0,5,2
1133,game_768,3599.99,0,0,3
1134,game_770,3599.99,0,5,3
1135,game_133,3599.99,0,3,5
1136,game_132,3599.99,0,5,4
1137,game_593,3599.99,0,4,2
1138,game_1306,3599.99,0,4,2
1139,game_358,3599.99,0,5,4
1140,game_291,3599.99,0,1,0
1141,game_41,3599.99,0,6,1
1142,game_75,3599.99,0,2,1
1143,game_163,3599.99,0,3,2
1144,game_252,3599.99,0,3,2
1145,game_251,3599.99,0,6,1
1146,game_216,3599.99,0,1,6
1147,game_373,3599.99,0,4,3
1148,game_23,3599.99,0,4,3
1149,game_617,3599.99,0,3,4
1150,game_717,3599.99,0,3,0
1151,game_370,3599.99,0,6,3
1152,game_38,3599.99,0,2,4
1153,game_619,3599.99,0,0,3
1154,game_62,3599.99,0,2,1
1155,game_193,3599.99,0,3,4
1156,game_731,3599.99,0,2,3
1157,game_620,3599.99,0,0,3
1158,game_188,3599.99,0,2,1
1159,game_185,3599.99,0,2,3
1160,game_243,3599.99,0,0,4
1161,game_391,3599.99,0,4,3
1162,game_37,3599.99,0,6,5
1163,game_180,3599.99,0,1,4
1164,game_395,3599.99,0,4,1
1165,game_785,3599.99,0,3,0
1166,game_221,3599.99,0,4,5
1167,game_583,3599.99,0,3,2
1168,game_1285,3599.99,0,5,4
1169,game_425,3599.99,0,2,4
1170,game_294,3599.99,0,1,4
1171,game_342,3599.99,0,3,4
1172,game_1270,3599.99,0,4,2
1173,game_1272,3599.99,0,1,2
1174,game_805,3599.99,0,2,3
1175,game_806,3599.99,0,2,3
1176,game_639,3599.99,0,3,2
1177,game_808,3599.99,0,0,4
1178,game_1258,3599.99,0,2,5
1179,game_1273,3599.99,0,3,6
1180,game_1275,3599.99,0,7,5
1181,game_34,3599.99,0,3,4
1182,game_1284,3599.99,0,4,2
1183,game_64,3599.99,0,2,4
1184,game_667,3599.99,0,4,3
1185,game_432,3599.99,0,0,1
1186,game_669,3599.99,0,2,3
1187,game_418,3599.99,0,5,4
1188,game_1290,3599.99,0,7,4
1189,game_414,3599.99,0,1,2
1190,game_1268,3599.99,0,2,0
1191,game_820,3599.99,0,1,0
1192,game_1294,3599.99,0,4,0
1193,game_1254,3599.99,0,3,2
1194,game_338,3599.99,0,1,6
1195,game_815,3599.99,0,3,4
1196,game_803,3599.99,0,3,1
1197,game_1071,3599.98,0,3,4
1198,game_1063,3599.98,0,5,4
1199,game_357,3599.98,0,1,5
1200,game_1073,3599.98,0,4,2
1201,game_240,3599.98,0,2,0
1202,game_346,3599.98,0,0,2
1203,game_991,3599.98,0,2,3
1204,game_1077,3599.98,0,1,2
1205,game_989,3599.98,0,0,3
1206,game_108,3599.98,0,1,2
1207,game_1009,3599.98,0,2,7
1208,game_1008,3599.98,0,4,2
1209,game_543,3599.98,0,2,3
1210,game_485,3599.98,0,4,1
1211,game_52,3599.98,0,2,1
1212,game_1078,3599.98,0,3,1
1213,game_5,3599.98,0,4,1
1214,game_95,3599.98,0,2,5
1215,game_1012,3599.98,0,4,3
1216,game_633,3599.98,0,5,6
1217,game_103,3599.98,0,0,7
1218,game_673,3599.98,0,3,2
1219,game_1033,3599.98,0,3,2
1220,game_674,3599.98,0,5,4
1221,game_931,3599.98,0,6,1
1222,game_288,3599.98,0,7,2
1223,game_352,3599.98,0,0,2
1224,game_631,3599.98,0,3,5
1225,game_349,3599.98,0,2,3
1226,game_661,3599.98,0,5,3
1227,game_963,3599.98,0,5,4
1228,game_1016,3599.98,0,3,1
1229,game_659,3599.98,0,3,2
1230,game_984,3599.98,0,2,3
1231,game_985,3599.98,0,3,4
1232,game_277,3599.98,0,2,3
1233,game_361,3599.98,0,8,2
1234,game_689,3599.98,0,2,3
1235,game_247,3599.98,0,0,3
1236,game_951,3599.98,0,6,5
1237,game_435,3599.98,0,3,5
1238,game_1251,3599.98,0,5,3
1239,game_1170,3599.98,0,7,0
1240,game_412,3599.98,0,4,1
1241,game_756,3599.98,0,5,0
1242,game_399,3599.98,0,6,1
1243,game_889,3599.98,0,2,3
1244,game_466,3599.98,0,4,1
1245,game_831,3599.98,0,7,1
1246,game_217,3599.98,0,5,0
1247,game_876,3599.98,0,4,3
1248,game_778,3599.98,0,7,3
1249,game_1256,3599.98,0,2,3
1250,game_1236,3599.98,0,2,4
1251,game_1179,3599.98,0,0,1
1252,game_782,3599.98,0,5,3
1253,game_1297,3599.98,0,4,5
1254,game_822,3599.98,0,3,2
1255,game_866,3599.98,0,4,1
1256,game_834,3599.98,0,5,3
1257,game_1287,3599.98,0,4,2
1258,game_1209,3599.98,0,7,1
1259,game_1234,3599.98,0,4,2
1260,game_836,3599.98,0,2,1
1261,game_853,3599.98,0,6,2
1262,game_121,3599.98,0,0,5
1263,game_1213,3599.98,0,1,4
1264,game_802,3599.98,0,4,3
1265,game_1222,3599.98,0,6,2
1266,game_585,3599.98,0,4,5
1267,game_1227,3599.98,0,4,1
1268,game_895,3599.98,0,3,6
1269,game_812,3599.98,0,2,7
1270,game_928,3599.98,0,2,1
1271,game_549,3599.98,0,2,0
1272,game_55,3599.98,0,2,4
1273,game_21,3599.98,0,5,1
1274,game_725,3599.98,0,4,0
1275,game_196,3599.98,0,1,0
1276,game_1113,3599.98,0,7,5
1277,game_332,3599.98,0,6,4
1278,game_212,3599.98,0,4,0
1279,game_1117,3599.98,0,4,3
1280,game_715,3599.98,0,3,1
1281,game_376,3599.98,0,4,1
1282,game_736,3599.98,0,0,5
1283,game_184,3599.98,0,4,3
1284,game_906,3599.98,0,3,4
1285,game_741,3599.98,0,3,2
1286,game_1125,3599.98,0,3,2
1287,game_17,3599.98,0,1,0
1288,game_167,3599.98,0,5,3
1289,game_749,3599.98,0,4,3
1290,game_601,3599.98,0,4,2
1291,game_558,3599.98,0,2,3
1292,game_205,3599.98,0,2,0
1293,game_207,3599.9700000000003,0,4,3
1294,game_896,3599.9700000000003,0,4,1
1295,game_799,3599.9700000000003,0,3,0
1296,game_263,3599.9700000000003,0,5,2
1297,game_1031,3599.9700000000003,0,2,1
1298,game_65,3599.9700000000003,0,2,1
1299,game_437,3599.9700000000003,0,1,2
1300,game_643,3599.97,0,4,0
1301,game_932,3599.97,0,4,3
1302,game_310,3599.97,0,2,3
1303,game_854,3599.97,0,2,0
1304,game_1184,3599.97,0,4,3
1305,game_1178,3599.97,0,2,3
1306,game_504,3599.97,0,1,2
1307,game_684,3599.97,0,2,1
1308,game_912,3599.97,0,4,0
1309,game_390,3599.97,0,6,4
1310,game_733,3599.97,0,5,1
1311,game_793,3599.96,0,4,2
1312,game_507,3599.96,0,1,4
