team,disparity_ratio,baseline_rank,disparity_ratio_adj,adjusted_rank,rank_delta,abs_delta
brazil,0.9799744789665824,26,0.9808700957516403,26,0,0
canada,1.0106258886097392,21,1.0146938219465502,21,0,0
china,1.051812906218203,18,1.0467590402069897,19,-1,1
ethiopia,0.905728436679352,31,0.9050281088541953,31,0,0
france,1.340006381103876,5,1.342981345405171,5,0,0
germany,0.9560039215091628,29,0.9592019528842968,28,1,1
guatemala,1.3556095371485457,3,1.3590049131467599,2,1,1
iceland,1.3240769743314706,6,1.3189248883122022,6,0,0
india,1.1667656763928524,12,1.164344916636564,13,-1,1
indonesia,0.9600292954155616,28,0.9589523463552485,29,-1,1
kazakhstan,1.0015977171063024,22,1.005621722848248,22,0,0
mexico,1.0591075522104192,17,1.063355151201716,17,0,0
mongolia,1.0454923889883578,19,1.0475386857432956,18,1,1
morocco,0.9989930939303134,24,0.9932392804610262,24,0,0
netherlands,1.1137803662801615,14,1.1041982191947457,15,-1,1
new_zealand,1.225118167731745,8,1.2336383098606822,8,0,0
oman,0.982381380568851,25,0.9885155257514833,25,0,0
pakistan,1.0348771488037027,20,1.0375739898643839,20,0,0
panama,1.198958098950572,9,1.2003603761192783,10,-1,1
peru,1.1978185635206895,10,1.2009197949517738,9,1,1
philippines,1.0003971823025275,23,1.0004077970001601,23,0,0
rwanda,1.1931364392259218,11,1.194398337818813,11,0,0
saudi_arabia,1.3627854102063035,2,1.3524272324952458,3,-1,1
serbia,1.1113694686076645,15,1.1157464761743119,14,1,1
singapore,1.2550062744284023,7,1.2516214482570696,7,0,0
south_korea,1.106630865023954,16,1.1029446889871646,16,0,0
switzerland,0.8889549680098016,32,0.8842921151573527,32,0,0
thailand,0.976935843044283,27,0.9609927276928711,27,0,0
uae,1.3552245051198706,4,1.3501264542566467,4,0,0
uk,1.1658184035483148,13,1.1698567513687095,12,1,1
usa,1.3643077298926602,1,1.3636295116961064,1,0,0
vietnam,0.9446812363253816,30,0.9372694056299343,30,0,0
