team,team_canon,strength_score,disparity_ratio_point,ci95_lo,ci95_hi,ci_width,strength_index,label
uk,uk,-2.6506574712925612e-15,1.170944832976817,1.035833958287432,1.2946973441257044,0.2588633858382723,2.6506574712925612e-15,True
saudi_arabia,saudi_arabia,-2.0261570199409107e-15,1.3599873228725818,1.203012834717636,1.5651292547446125,0.3621164200269764,2.0261570199409107e-15,True
netherlands,netherlands,-1.887379141862766e-15,1.1049980592593778,0.9782686810554622,1.2539379383439149,0.2756692572884527,1.887379141862766e-15,True
china,china,-1.8596235662471372e-15,1.0507279729144718,0.9287456250062096,1.174150422943459,0.24540479793724934,1.8596235662471372e-15,True
mongolia,mongolia,-1.8041124150158794e-15,1.048564595324844,0.9313195380342156,1.1825709853490534,0.25125144731483773,1.8041124150158794e-15,True
ethiopia,ethiopia,-1.7347234759768069e-15,0.9027246883259862,0.7951327832097846,1.0113162880084143,0.2161835047986297,1.7347234759768069e-15,True
kazakhstan,kazakhstan,-1.7208456881689926e-15,1.000311918188587,0.8911894173736079,1.104609071565202,0.21341965419159403,1.7208456881689926e-15,False
canada,canada,-1.6514567491299206e-15,1.0152484487521094,0.9127259501385224,1.1309059554834608,0.21818000534493842,1.6514567491299206e-15,False
oman,oman,-1.5959455978986625e-15,0.9904588579610912,0.8817900478338677,1.0803954532110245,0.19860540537715676,1.5959455978986625e-15,False
brazil,brazil,-1.5820678100908479e-15,0.9799196339969864,0.8771814638354883,1.0910542275086534,0.2138727636731651,1.5820678100908479e-15,False
france,france,-1.5820678100908479e-15,1.345628353075339,1.1997424729478794,1.5264028584475695,0.3266603854996901,1.5820678100908479e-15,True
mexico,mexico,-1.5820678100908479e-15,1.0655968554802326,0.966069933414613,1.1608557359386,0.19478580252398703,1.5820678100908479e-15,False
guatemala,guatemala,-1.5681900222830336e-15,1.3649838846062623,1.222995923217983,1.508101035125869,0.285105111907886,1.5681900222830336e-15,True
south_korea,south_korea,-1.5612511283791264e-15,1.1101738385582358,0.99329527016491,1.2286031306090166,0.23530786044410656,1.5612511283791264e-15,False
new_zealand,new_zealand,-1.5265566588595902e-15,1.2346733129717833,1.127671023761173,1.3576217351045066,0.22995071134333367,1.5265566588595902e-15,False
pakistan,pakistan,-1.5265566588595902e-15,1.0405100149329207,0.9358171284010344,1.1626895762566305,0.22687244785559613,1.5265566588595902e-15,False
rwanda,rwanda,-1.4988010832439613e-15,1.1925319837324215,1.0747410163748905,1.323198385590232,0.24845736921534156,1.4988010832439613e-15,False
indonesia,indonesia,-1.4710455076283324e-15,0.963889824797728,0.8799564658690529,1.080619819456118,0.20066335358706522,1.4710455076283324e-15,False
germany,germany,-1.4641066137244252e-15,0.9600644781193924,0.8533987894617737,1.0665693850065845,0.21317059554481077,1.4641066137244252e-15,True
singapore,singapore,-1.450228825916611e-15,1.2562958739404444,1.1361026555135916,1.384592352710783,0.2484896971971915,1.450228825916611e-15,False
iceland,iceland,-1.3461454173580025e-15,1.3184038440183024,1.1839056729704909,1.46836416507478,0.2844584921042892,1.3461454173580025e-15,True
india,india,-1.3461454173580025e-15,1.17003092053944,1.0527188386723787,1.2780556867661808,0.22533684809380206,1.3461454173580025e-15,False
peru,peru,-1.3183898417423734e-15,1.2069961638808344,1.0764722234620252,1.3427672240772284,0.26629500061520317,1.3183898417423734e-15,False
serbia,serbia,-1.2975731600306517e-15,1.1241399729186925,1.022767598819969,1.2677883424192318,0.24502074359926285,1.2975731600306517e-15,False
morocco,morocco,-1.27675647831893e-15,0.9965867986983586,0.8946969966352913,1.1380185517760226,0.24332155514073128,1.27675647831893e-15,False
uae,uae,-9.992007221626409e-16,1.3545133302259755,1.1928365726580132,1.5201069377527057,0.32727036509469243,9.992007221626409e-16,True
thailand,thailand,-9.228728892196614e-16,0.964298013634879,0.8708616175557453,1.0774238291244478,0.20656221156870247,9.228728892196614e-16,False
philippines,philippines,-8.881784197001252e-16,1.0010147533328575,0.8783403618180253,1.1088979675177255,0.23055760569970019,8.881784197001252e-16,False
panama,panama,-7.910339050454239e-16,1.2001112768407596,1.0834513964011692,1.3370308713129222,0.25357947491175303,7.910339050454239e-16,True
switzerland,switzerland,-6.938893903907228e-16,0.8903403386996025,0.7923238016915074,1.0048529885166295,0.21252918682512212,6.938893903907228e-16,True
usa,usa,-6.661338147750939e-16,1.3664432870101135,1.211274846278913,1.5401630613781423,0.3288882150992294,6.661338147750939e-16,True
vietnam,vietnam,0.0,0.9409864036789491,0.8333090653454911,1.0732445998531095,0.2399355345076184,-0.0,True
