team,power_rank_v1,power_rank_v2,rank_delta
brazil,3,1,2
peru,9,2,7
netherlands,5,3,2
china,7,4,3
pakistan,2,5,-3
panama,11,6,5
thailand,1,7,-6
uk,6,8,-2
iceland,20,9,11
india,17,10,7
ethiopia,24,11,13
indonesia,22,12,10
philippines,23,13,10
serbia,12,14,-2
guatemala,10,15,-5
new_zealand,16,16,0
south_korea,13,17,-4
saudi_arabia,18,18,0
singapore,30,19,11
mexico,4,20,-16
germany,19,21,-2
morocco,15,22,-7
france,8,23,-15
switzerland,26,24,2
vietnam,31,25,6
oman,29,26,3
canada,14,27,-13
usa,28,28,0
uae,25,29,-4
kazakhstan,21,30,-9
rwanda,27,31,-4
mongolia,32,32,0
