team,games_played,wins,losses,goals_for,goals_against,goal_diff,xg_for,xg_against,xg_diff
brazil,82,58.0,24.0,276,189,87,272.4793,221.8266,50.65270000000001
netherlands,82,54.0,28.0,243,174,69,242.4986,201.8032,40.69540000000001
peru,82,52.0,30.0,256,178,78,244.5499,214.93359999999998,29.616300000000024
thailand,82,50.0,32.0,294,248,46,294.7369,221.6617,73.0752
pakistan,82,49.0,33.0,263,212,51,284.7034,233.462,51.2414
india,82,49.0,33.0,221,193,28,239.3359,237.9323,1.4036000000000115
china,82,47.0,35.0,239,193,46,255.917,220.9786,34.9384
panama,82,46.0,36.0,255,213,42,257.4552,241.3937,16.061499999999995
iceland,82,46.0,36.0,238,209,29,230.0624,248.6737,-18.6113
ethiopia,82,43.0,39.0,267,247,20,239.41989999999998,262.6881,-23.268200000000036
philippines,82,43.0,39.0,198,186,12,213.5851,236.1342,-22.54909999999998
guatemala,82,42.0,40.0,231,236,-5,255.68800000000002,232.81,22.878000000000014
indonesia,82,41.0,41.0,221,210,11,215.9004,238.3377,-22.437300000000022
serbia,82,41.0,41.0,269,264,5,277.2881,264.1742,13.113900000000001
new_zealand,82,40.0,42.0,219,226,-7,241.2646,238.3313,2.9333000000000027
singapore,82,40.0,42.0,255,269,-14,257.0207,299.9845,-42.96380000000005
uk,82,39.0,43.0,244,211,33,276.3125,240.0014,36.31110000000001
saudi_arabia,82,39.0,43.0,195,205,-10,218.9647,230.9676,-12.002900000000011
south_korea,82,39.0,43.0,288,302,-14,259.8572,251.2013,8.655899999999974
vietnam,82,39.0,43.0,223,257,-34,225.7784,272.0162,-46.23780000000002
mexico,82,38.0,44.0,236,253,-17,263.9575,222.7647,41.19279999999998
uae,82,38.0,44.0,202,250,-48,211.3954,242.3641,-30.968700000000013
morocco,82,37.0,45.0,249,269,-20,249.5033,243.6248,5.8785000000000025
france,82,37.0,45.0,241,265,-24,266.6524,234.1395,32.5129
germany,82,36.0,46.0,253,274,-21,239.1072,253.0021,-13.894900000000007
switzerland,82,36.0,46.0,201,229,-28,205.292,237.382,-32.09
canada,82,36.0,46.0,222,265,-43,241.1339,233.5842,7.549700000000001
oman,82,35.0,47.0,241,283,-42,244.9371,279.4926,-34.555499999999995
usa,82,35.0,47.0,240,287,-47,247.3928,281.6973,-34.30449999999999
kazakhstan,82,30.0,52.0,193,248,-55,209.8053,231.4215,-21.61620000000002
rwanda,82,30.0,52.0,202,265,-63,223.8094,256.1218,-32.3124
mongolia,82,27.0,55.0,179,244,-65,187.599,268.497,-80.89800000000002
