team,disparity_ratio_point,disparity_ratio_boot_mean,disparity_ratio_boot_sd,ci95_lo,ci95_hi,first_off_xg60_point,second_off_xg60_point
usa,1.3664432870101137,1.3743726349341006,0.08373065291965008,1.2112748462789127,1.5401630613781423,2.6154306988874723,1.9140426271259616
guatemala,1.3649838846062625,1.3641728078153716,0.07494908641711716,1.222995923217983,1.508101035125869,2.7061839538619905,1.9825757537369058
saudi_arabia,1.3599873228725818,1.3687230632778047,0.08931370896313592,1.203012834717636,1.5651292547446123,2.1556713344289045,1.585067226858901
uae,1.3545133302259755,1.3597483993593438,0.08307791174036783,1.1928365726580132,1.5201069377527057,1.9155072283575705,1.4141663914359583
france,1.345628353075339,1.3477040813489805,0.08414252561428938,1.1997424729478794,1.5264028584475697,2.452759319657585,1.8227613248873482
iceland,1.3184038440183024,1.317915488200816,0.07133937077996087,1.1839056729704909,1.46836416507478,2.479081005174616,1.880365425527537
singapore,1.2562958739404444,1.2591859490937687,0.06462258866064532,1.1361026555135916,1.384592352710783,2.5266978424905897,2.0112283220078218
new_zealand,1.2346733129717833,1.2392268706336222,0.06300035010254573,1.127671023761173,1.3576217351045066,2.3390831952198083,1.8944956294469326
peru,1.2069961638808344,1.2090825612776361,0.06743154379399484,1.0764722234620252,1.3427672240772284,2.2936658955062206,1.9003091841911373
panama,1.2001112768407596,1.2000544633692671,0.06923595931923236,1.0834513964011692,1.3370308713129222,2.438715891573801,2.032074807257552
rwanda,1.1925319837324215,1.1962381103166646,0.06526733090874787,1.0747410163748903,1.323198385590232,2.2380646155237733,1.8767334092952483
uk,1.170944832976817,1.1667496586419432,0.07172367132351723,1.035833958287432,1.2946973441257044,2.61560298664127,2.2337542410019373
india,1.17003092053944,1.1701176557614026,0.06004224564650888,1.0527188386723787,1.2780556867661808,2.3334849955019448,1.9943789130171852
serbia,1.1241399729186923,1.1317149715590402,0.06273983928378003,1.022767598819969,1.2677883424192318,2.7100224585336044,2.4107517958794413
south_korea,1.1101738385582358,1.1072689146765275,0.06003381972748971,0.9932952701649099,1.2286031306090166,2.610986326758471,2.3518716043149737
netherlands,1.1049980592593778,1.1156031562863111,0.06657009994737689,0.9782686810554622,1.2539379383439149,2.045073800632559,1.850748771453286
mexico,1.0655968554802326,1.0594094815865938,0.05225741719454865,0.966069933414613,1.1608557359386,2.46776232167205,2.315849853516979
china,1.0507279729144718,1.0525612968057756,0.05948473659213999,0.9287456250062095,1.174150422943459,2.406771271498175,2.2905750427699747
mongolia,1.0485645953248441,1.0452681643559716,0.06879525483315797,0.9313195380342156,1.1825709853490534,1.5788020330139771,1.505679325864389
pakistan,1.0405100149329207,1.0405671474276355,0.05838204239298927,0.9358171284010345,1.1626895762566305,2.8681223029860745,2.7564581424725407
canada,1.0152484487521094,1.0169210350617777,0.05705426948014977,0.9127259501385224,1.1309059554834608,2.280311249734654,2.246062284101487
philippines,1.0010147533328577,0.9994783381878143,0.05628174603484214,0.8783403618180253,1.1088979675177257,1.773421100470239,1.7716233397816266
kazakhstan,1.000311918188587,1.0026040716067974,0.05844153635093031,0.8911894173736079,1.104609071565202,1.6030059722200416,1.6025061214134508
morocco,0.9965867986983586,0.9987654333812945,0.05931918144660745,0.8946969966352913,1.1380185517760226,2.222846349768743,2.23045935654777
oman,0.9904588579610913,0.9818742230667972,0.05370650219190701,0.8817900478338677,1.0803954532110245,2.3839656035989045,2.4069304690821944
brazil,0.9799196339969864,0.9787559843944835,0.05822283020091553,0.8771814638354883,1.0910542275086534,2.6024037035344763,2.655731769471291
thailand,0.964298013634879,0.9702947094877459,0.05280260518637926,0.8708616175557453,1.0774238291244478,2.7064802057074853,2.8066844144016505
indonesia,0.963889824797728,0.971390782799129,0.051982598136136066,0.8799564658690529,1.080619819456118,1.7349683876424267,1.7999654556022617
germany,0.9600644781193924,0.9587888262715032,0.054005343856314614,0.8533987894617737,1.0665693850065843,2.0891397110319367,2.176041045830813
vietnam,0.9409864036789491,0.9358101032849846,0.05836737617110152,0.8333090653454911,1.0732445998531097,1.9312469086618673,2.0523643074026614
ethiopia,0.9027246883259862,0.902560478548132,0.05255878930641584,0.7951327832097846,1.0113162880084143,2.133636831526272,2.3635520985727005
switzerland,0.8903403386996025,0.8892108035888399,0.0517121451645185,0.7923238016915074,1.0048529885166295,1.6410205490554177,1.84313849179543
