team,first_off_xg_vs_first_def,first_off_toi_vs_first_def,first_off_xg60_vs_first_def,first_off_xg_vs_second_def,first_off_toi_vs_second_def,first_off_xg60_vs_second_def,first_off_adj_xg,first_off_adj_toi,first_off_xg60_adj,second_off_xg_vs_first_def,second_off_toi_vs_first_def,second_off_xg60_vs_first_def,second_off_xg_vs_second_def,second_off_toi_vs_second_def,second_off_xg60_vs_second_def,second_off_adj_xg,second_off_adj_toi,second_off_xg60_adj,disparity_ratio_adj
brazil,42.3251,55110.77,2.7648018708502895,37.9167,51400.45,2.6556211083755104,84.47431,112022.29699999999,2.71470523408389,37.7496,51600.340000000004,2.6336756695789214,43.5125,53850.94,2.9088628722172722,85.03706,110611.31400000001,2.7676501157919517,0.9808700957516403
canada,36.8682,56491.74,2.3494677274943205,36.7029,54864.5,2.4083048237020295,77.25792000000001,117005.414,2.377056774483957,33.5999,52972.15,2.2834572506496333,36.4155,54488.9,2.4059175354980558,73.37539000000001,112758.26500000001,2.342634519961796,1.0146938219465502
china,39.4544,60419.93,2.3508110651568117,39.9514,53665.6,2.6800229569780267,83.35124,120127.52300000002,2.497882720848244,34.1521,54593.38,2.2520598651338313,40.0843,57093.33,2.527501548779866,77.65161,117146.04800000001,2.3863015506933705,1.0467590402069897
ethiopia,34.2967,55647.99,2.2187345850227476,33.319,53742.49,2.231909984074054,71.04537,114955.27900000001,2.224894186895062,35.2539,54099.25,2.3459482340328193,36.9507,51388.67,2.5885573609902726,75.72999,110897.845,2.458370259584395,0.9050281088541953
france,39.1442,57218.03,2.4628446662704047,39.3855,53379.65,2.656214493725605,82.44412,116319.48300000001,2.5515831427827096,26.711199999999998,53193.35,1.807750780877685,31.058,56009.47,1.9962481344672605,60.44032,114522.155,1.8999393785420822,1.342981345405171
germany,33.1562,56681.45,2.105844504683631,34.079,54423.77,2.254242953033206,70.55082,116773.36499999999,2.175007562726312,32.7235,54010.33,2.181149420860787,35.9614,54830.78,2.3611015564615347,71.95725,114242.14300000001,2.267517863351005,0.9592019528842968
guatemala,41.7212,56317.42,2.666960240721255,43.4135,52361.94,2.9847748192675825,89.30682000000002,114311.10200000001,2.812540045322982,29.6759,52467.83,2.03616654243181,32.1368,54970.8,2.1046169966600448,64.78029000000001,112685.413,2.0695584085936662,1.3590049131467599
iceland,39.5906,55718.86,2.557951831749609,37.3359,51491.86,2.6103007349122755,80.88556,112782.606,2.581852169651054,27.201,52663.73,1.859412540661286,30.1844,52606.32,2.065604284808365,60.105500000000006,110536.42300000001,1.9575429901508574,1.3189248883122022
india,35.5394,57806.0,2.2132968895962355,39.4758,53270.65,2.667751942204572,78.56914,116857.25,2.420465174390121,30.1232,54256.01,1.998737467056645,33.5897,55869.82,2.164369242642987,66.72522000000001,115551.43100000001,2.078821438394822,1.164344916636564
indonesia,27.3896,57916.68,1.7024898526642067,29.3337,54979.39,1.9207437550689448,59.46226,118687.73800000001,1.8035909994341621,27.9,53388.99,1.8812867596858451,29.4785,56439.8,1.880279519062789,60.1685,115167.68900000001,1.880793145028724,0.9589523463552485
kazakhstan,27.6499,57561.8,1.7292655893318136,25.0146,55833.659999999996,1.6128722351355798,55.42949,119151.64000000001,1.674724443574591,23.6373,55824.96,1.524305257003319,28.1731,55700.32,1.8208721242535053,54.174130000000005,117107.77600000001,1.6653622386270917,1.005621722848248
mexico,39.0762,56666.82,2.4824812826977056,38.6832,52208.69,2.667362847066264,81.66702000000001,114542.19200000001,2.5667508790123383,34.0785,53015.51,2.3140888392849566,38.394,54851.67,2.5198576451728814,75.88034999999999,113168.731,2.4138227722991785,1.063355151201716
mongolia,24.7996,57145.78,1.5622948886164474,25.8241,53604.18,1.7343192265976273,53.103660000000005,116464.538,1.6414711231671224,21.0394,52357.52,1.446627724155002,25.722,54670.66,1.693764077477755,48.86534,112263.932,1.5669790008780382,1.0475386857432956
morocco,32.7014,57852.01,2.0349343091104353,40.2091,55391.04,2.613288358550408,76.18064000000001,119028.25100000002,2.304077407639973,33.2787,55330.01,2.1652502864178045,37.9979,54914.49,2.491008110973989,74.60447,115777.501,2.3197606588520165,0.9932392804610262
netherlands,33.7227,57613.909999999996,2.107159885520702,32.914,54893.21,2.158562051663585,70.00897,118268.511,2.1310177144278075,28.4443,54711.99,1.871609495468909,31.1957,56372.72,1.9921784863316867,62.48443,116555.90900000001,1.9299231581643794,1.1041982191947457
new_zealand,35.8458,54679.4,2.360027359480901,36.1285,51587.19,2.5212189305135637,75.55888,111734.53,2.4344485809355443,26.5643,51438.65,1.8591366608571571,31.2021,53645.2,2.0938976832969214,60.422830000000005,110227.715,1.9733892515144673,1.2336383098606822
oman,36.5877,53635.68,2.4557481139420623,35.3291,50549.25,2.516056321310405,75.57557,109548.498,2.4835762878282455,35.2458,50939.67,2.4908853944283504,36.8673,52345.75,2.5354929483291384,75.63768,108379.387,2.5124302280838697,0.9885155257514833
pakistan,38.4577,52908.6,2.616733763509146,48.2383,51418.43,3.3773469940641907,90.54177000000001,109617.89000000001,2.9735143779906728,39.4582,52761.38,2.6923010732471364,43.2996,50877.75,3.063786429234783,86.70362,108915.26800000001,2.8658335762438742,1.0375739898643839
panama,38.3576,56065.81,2.4629513066876227,39.8696,54639.04,2.6268865631606997,82.06296,116311.43100000001,2.5399623533133213,30.6576,54594.09,2.021599041214901,33.5865,54462.34,2.2200919020372614,67.30986,114515.839,2.1159998312547836,1.2003603761192783
peru,37.6553,60186.57,2.2523144282852465,37.6911,53407.12,2.540634282470202,79.11193,119612.34700000001,2.3810497422979253,28.5005,54023.72,1.8991990925467552,33.6584,58611.73,2.06733771550507,65.00895,118037.82200000001,1.982688396266749,1.2009197949517738
philippines,31.8326,62800.6,1.8247812918984851,29.0031,55818.22,1.8705569615082673,64.01896,124898.88,1.8452387723572863,26.4293,55872.090000000004,1.702916071333648,32.8329,59364.82,1.9910519395156931,61.90513000000001,120824.119,1.8444865962564974,1.0004077970001601
rwanda,34.7869,53421.49,2.3442408663629566,33.964,52573.88,2.325687204368405,72.22959,111337.519,2.33547977658816,27.454,52248.79,1.8916112698495027,29.2919,52055.31,2.025746076625036,59.4913,109528.979,1.955360873034341,1.194398337818813
saudi_arabia,33.0152,58144.6,2.0441230999955287,37.0216,54092.44,2.4638888539692423,73.33832000000001,118051.5,2.236464187240315,23.7224,53643.65,1.591999053010002,27.3801,57405.43,1.717056382993734,53.47474,116413.445,1.6536669282487086,1.3524272324952458
serbia,41.2602,56433.0,2.6320897347296794,42.7855,50777.71,3.033374289624325,88.17172,112854.01000000001,2.8126443358104862,35.8105,50491.45,2.5532600073873897,37.103699999999996,53700.909999999996,2.4873567319436485,76.49525,109241.505,2.5208632927567227,1.1157464761743119
singapore,39.6186,56690.62,2.515882874450835,40.5929,52966.49,2.7589980004338592,84.17336,115326.172,2.627539705384481,31.4652,54105.9,2.093574268240617,32.0204,54747.62,2.1055424875090463,66.63212000000001,114264.11000000002,2.0993086280547764,1.2516214482570696
south_korea,38.5007,55214.69,2.5102471824074355,41.8267,51077.86,2.9479723700248996,84.17747,111814.019,2.7102048089336632,34.9823,50742.79,2.4818556488517878,35.234,52178.82,2.430917372221143,73.71453000000001,107995.889,2.4572445345581633,1.1029446889871646
switzerland,23.8769,56053.26,1.5334851175471327,28.2918,53701.02,1.8966209580376687,54.55639,115359.606,1.7025283876229607,28.2109,52929.25,1.9187734570204567,29.8364,55591.83,1.932137150369038,60.868390000000005,113814.005,1.9253008801509095,0.8842921151573527
thailand,43.0825,56106.38,2.764338030719501,41.5159,51888.58,2.8803493947993952,88.90665000000001,113605.598,2.8173254279247755,41.4942,51329.93,2.9101757980188165,44.5599,54303.74,2.9540440492680613,90.20352,110766.663,2.931682360061709,0.9609927276928711
uae,31.0767,58551.62,1.9107262958736237,31.4082,54151.82,2.0880095996773513,65.59257,118558.60200000001,1.9917007118555594,21.4393,54110.99,1.4263549789053944,24.1889,57058.83,1.5261448578598615,47.772130000000004,116580.919,1.475195679320387,1.3501264542566467
uk,42.8832,58347.43,2.6458666645643176,43.9116,56203.33,2.8126760460634626,91.08312000000001,120385.503,2.7237435058937294,34.8677,55461.53,2.263257432674504,37.1139,55682.4,2.3995021766303175,75.46837,116690.08300000001,2.328270963694489,1.1698567513687095
usa,41.876,56846.77,2.651929036601376,38.8737,49938.39,2.802359467335651,84.9373,112469.837,2.7187225318020154,24.8128,49201.52,1.815514642637057,33.0456,54830.78,2.1696601799208404,60.33968,108952.45199999999,1.9937398747115853,1.3636295116961064
vietnam,29.0322,56677.12,1.8440584136949794,32.1849,52822.11,2.193506469166037,64.12031999999999,115166.94200000001,2.0043351676386436,29.8763,53132.55,2.0242709977217355,34.897,55625.38,2.258487043144694,67.76093,114071.185,2.138483509222772,0.9372694056299343
