team,first_off_xg60_reg,second_off_xg60_reg,disparity_ratio_reg,reg_rank
usa,2.72720501037031,1.9963327223698157,1.3661074528362622,1
guatemala,2.821142497841517,2.067569953516098,1.3644725746976047,2
saudi_arabia,2.25407158501035,1.6550849875892024,1.3619068518612036,3
uae,1.9826662825649568,1.4641124426385377,1.3541762400378974,4
france,2.555394656473734,1.8995579715460507,1.3452575255673287,5
iceland,2.585601974744417,1.9627431426543578,1.317340979853188,6
singapore,2.6468732329234967,2.1084192844087237,1.255382765893158,7
new_zealand,2.4130108601740345,1.9545697474176777,1.2345483518109477,8
peru,2.378264169017335,1.968867961546768,1.2079348211593326,9
panama,2.563741234304559,2.1361175160039623,1.2001873563120034,10
rwanda,2.342637793059086,1.9659593722946864,1.191600307754446,11
india,2.423639202812556,2.068212195998027,1.1718522922852295,12
uk,2.7421987211886862,2.34039434730525,1.1716823382119672,13
serbia,2.8464425526769177,2.5293898110139055,1.1253475206875772,14
south_korea,2.7289027957946312,2.458396124668108,1.110033801474139,15
netherlands,2.1084020399560113,1.9087017060181108,1.1046262668012754,16
mexico,2.574984358270007,2.4141424321565874,1.0666248701696268,17
china,2.492826061907986,2.3754516070573133,1.0494114274952857,18
mongolia,1.6567853434223492,1.5788765658999169,1.0493444384476163,19
pakistan,3.0016769006537416,2.886292025746323,1.0399768539975032,20
canada,2.3854523868574407,2.352862288184966,1.0138512563340947,21
philippines,1.8597369091252947,1.8565867499326465,1.0016967476433636,22
kazakhstan,1.6577084325359164,1.6596249970252681,0.9988451821991191,23
morocco,2.298098079537666,2.30582715755343,0.9966480236862312,24
oman,2.4946502938250728,2.522275157617907,0.9890476406947908,25
brazil,2.717153638476207,2.7718681105629397,0.9802607952816267,26
thailand,2.805780040714323,2.909445796414241,0.9643692431638763,27
indonesia,1.822565679775428,1.8912235033123985,0.9636966104658073,28
germany,2.204529392361345,2.2952614747234947,0.9604698273546024,29
vietnam,2.0302363892049833,2.1560296610308827,0.941655129287158,30
ethiopia,2.2416924772624007,2.4824628296478517,0.9030114974895292,31
switzerland,1.7020532981877883,1.9096451245551505,0.8912929822939116,32
