team,first_off_toi,first_off_xg,first_off_xg60,second_off_toi,second_off_xg,second_off_xg60,disparity_ratio
brazil,108743.0,81.0273,2.6824556982978214,107499.01,81.7372,2.737270975797824,0.9799744789665825
canada,112738.79,74.0168,2.36352084318095,108486.72,70.4763,2.3386703920996044,1.0106258886097392
china,114861.38,79.6366,2.4959804592283326,112620.31,74.2364,2.3730270321578764,1.051812906218203
ethiopia,110562.04,68.1714,2.2197224291447593,106755.99,72.6759,2.4507593438082487,0.9057284366793519
france,112104.22,79.1799,2.5427021391344593,110535.24,58.2622,1.8975298737307666,1.340006381103876
germany,112102.08,67.50450000000001,2.1678116944841705,110169.16,69.3936,2.2675761528907006,0.9560039215091628
guatemala,109959.13,85.1347,2.787262140033301,108565.97,62.006099999999996,2.056095109729135,1.3556095371485457
iceland,109065.62,77.9869,2.5741644342185928,107036.73,57.8034,1.9441199296727396,1.3240769743314706
india,112740.07,75.4198,2.408294406771257,111915.35,64.1672,2.0640771797613104,1.1667656763928524
indonesia,114647.07,57.4399,1.8036539442307598,111305.84,58.0877,1.8787488598980968,0.9600292954155617
kazakhstan,114056.8,52.8666,1.668640186293145,112334.42,51.9852,1.6659784240662836,1.0015977171063024
mexico,110369.42,78.2263,2.551564373537525,109271.44,73.1258,2.4091645538852604,1.0591075522104192
mongolia,111536.48,50.8935,1.6426607689251087,107701.87,47.0054,1.57118386152441,1.0454923889883578
morocco,114302.51,73.3145,2.309067403681686,111332.83,71.4817,2.3113947610960754,0.9989930939303134
netherlands,113849.1,67.5143,2.1348564020268936,112610.55,59.9578,1.9167660578871164,1.1137803662801615
new_zealand,107495.38,72.1888,2.417589295465535,106366.41,58.3051,1.9733519256690155,1.225118167731745
oman,105801.59,72.3009,2.4601070740052204,104888.32,72.9623,2.504228116152494,0.982381380568851
pakistan,105813.38,87.1711,2.9657493220611606,104933.06,83.5325,2.8657984433123365,1.0348771488037027
panama,112040.08,78.7958,2.5318161143762126,110449.45,64.7872,2.1116802301867503,1.1989580989505721
peru,114488.83,75.4597,2.3727635263632267,113674.83,62.5497,1.9809039520886023,1.1978185635206897
philippines,119737.71,61.0139,1.8344265979364396,116453.64,59.3169,1.8336982854292916,1.0003971823025277
rwanda,107006.95999999999,69.072,2.323766603592888,105418.77,57.0319,1.9476117962674009,1.1931364392259218
saudi_arabia,113760.45,70.4797,2.230361430532316,112605.88,51.1925,1.6366196862899167,1.3627854102063035
serbia,108305.97,84.0457,2.7936088841640028,105312.95,73.5337,2.5136635143161405,1.1113694686076643
singapore,110835.72,80.4852,2.614199826554111,110264.68000000001,63.8009,2.0830173361043625,1.2550062744284023
south_korea,107308.14,80.747,2.708920311171175,103807.97,70.5865,2.447898749970739,1.106630865023954
switzerland,110987.13,52.5669,1.7050701284013738,109669.8,58.4315,1.9180613076708446,0.8889549680098016
thailand,109874.04,86.3432,2.8290169361206705,107264.8,86.2828,2.895806266361378,0.976935843044283
uae,113847.32,62.6933,1.9824435041597817,112457.95,45.6959,1.4628155679522878,1.3552245051198706
uk,115712.71,87.0552,2.708420881336199,112425.66,72.5518,2.323192765779627,1.1658184035483148
usa,107480.47,81.2704,2.722107932724894,104909.22,58.1439,1.9952301618485013,1.3643077298926602
vietnam,110912.34,61.786,2.0054540369448524,109978.0,64.8531,2.122889668842859,0.9446812363253817
