power_rank,team,strength_score_raw,strength_score_z,xg_for_pg,xg_against_pg,wins,losses,goal_diff
1,thailand,0.8911609756097558,2.117112553569519,3.59435243902439,2.703191463414634,50.0,32.0,46
2,pakistan,0.6248951219512193,1.4845503153255435,3.471992682926829,2.8470975609756097,49.0,33.0,51
3,brazil,0.6177158536585368,1.46749467729395,3.3229182926829273,2.7052024390243905,58.0,24.0,87
4,mexico,0.5023512195121946,1.193425320720004,3.218993902439024,2.7166426829268295,38.0,44.0,-17
5,netherlands,0.49628536585365834,1.1790147986257036,2.9573,2.4610146341463417,54.0,28.0,69
6,uk,0.4428182926829267,1.0519941874112992,3.3696646341463414,2.9268463414634147,39.0,43.0,33
7,china,0.42607804878048805,1.0122247389214585,3.120939024390244,2.694860975609756,47.0,35.0,46
8,france,0.39649878048780485,0.9419538878162557,3.251858536585366,2.855359756097561,37.0,45.0,-24
9,peru,0.36117439024390263,0.8580344702481966,2.9823158536585366,2.621141463414634,52.0,30.0,78
10,guatemala,0.2789999999999999,0.6628144842650239,3.1181463414634147,2.839146341463415,42.0,40.0,-5
11,panama,0.19587195121951195,0.46532891157542927,3.1396975609756095,2.9438256097560975,46.0,36.0,42
12,serbia,0.15992560975609793,0.37993193745970455,3.381562195121951,3.2216365853658533,41.0,41.0,5
13,south_korea,0.10555975609756052,0.2507761121754349,3.1689902439024387,3.063430487804878,39.0,43.0,-14
14,canada,0.09206951219512183,0.21872762093957723,2.9406573170731707,2.848587804878049,36.0,46.0,-43
15,morocco,0.07168902439024372,0.1703101208913339,3.042723170731707,2.9710341463414633,37.0,45.0,-20
16,new_zealand,0.03577195121951249,0.0849826788484402,2.9422512195121953,2.9064792682926828,40.0,42.0,-7
17,india,0.017117073170731967,0.04066467392754638,2.9187304878048783,2.9016134146341463,49.0,33.0,28
18,saudi_arabia,-0.14637682926829276,-0.34774438207818226,2.670301219512195,2.8166780487804877,39.0,43.0,-10
19,germany,-0.16944999999999988,-0.4025588328269109,2.9159414634146343,3.085391463414634,36.0,46.0,-21
20,iceland,-0.22696707317073184,-0.5392009446193566,2.805639024390244,3.0326060975609757,46.0,36.0,29
21,kazakhstan,-0.26361219512195166,-0.6262579969739324,2.558601219512195,2.8222134146341467,30.0,52.0,-55
22,indonesia,-0.2736256097560976,-0.6500466573913636,2.632931707317073,2.9065573170731707,41.0,41.0,11
23,philippines,-0.27498902439024375,-0.6532856931174243,2.6046963414634146,2.8796853658536583,43.0,39.0,12
24,ethiopia,-0.28375853658536654,-0.6741192404395252,2.91975487804878,3.2035134146341466,43.0,39.0,20
25,uae,-0.3776670731707319,-0.8972157932886724,2.5779926829268294,2.9556597560975613,38.0,44.0,-48
26,switzerland,-0.39134146341463394,-0.9297017571494273,2.5035609756097563,2.8949024390243903,36.0,46.0,-28
27,rwanda,-0.39405365853658525,-0.9361450625651343,2.7293829268292686,3.123436585365854,30.0,52.0,-63
28,usa,-0.41834756097560977,-0.9938595801848721,3.0169853658536585,3.4353329268292683,35.0,47.0,-47
29,oman,-0.4214085365853659,-1.0011314761351529,2.9870378048780486,3.4084463414634145,35.0,47.0,-42
30,singapore,-0.5239487804878054,-1.2447341961301535,3.1343987804878046,3.65834756097561,40.0,42.0,-14
31,vietnam,-0.563875609756098,-1.3395875321509456,2.7533951219512196,3.3172707317073176,39.0,43.0,-34
32,mongolia,-0.986560975609756,-2.3437523449633657,2.2877926829268294,3.2743536585365853,27.0,55.0,-65
