power_rank,team,strength_score,attack_coef,defense_allow_coef
1,vietnam,0.0,-0.11510126789125275,-0.11510126789125433
2,usa,-6.661338147750939e-16,-0.07195211670764817,-0.07195211670764909
3,switzerland,-6.938893903907228e-16,-0.1703787802085544,-0.1703787802085553
4,panama,-7.91033905045424e-16,-0.040094699194205205,-0.040094699194205996
5,philippines,-8.881784197001252e-16,-0.17929105348659194,-0.17929105348659263
6,thailand,-9.228728892196614e-16,0.031930542153413864,0.031930542153413205
7,uae,-9.992007221626409e-16,-0.17168267809670226,-0.17168267809670285
8,morocco,-1.27675647831893e-15,-0.060076230586142275,-0.06007623058614258
9,serbia,-1.2975731600306517e-15,-0.009722587556193568,-0.009722587556193853
10,peru,-1.3183898417423734e-15,-0.052033318900778086,-0.05203331890077835
11,iceland,-1.3461454173580023e-15,-0.0751791117000341,-0.07517911170003434
12,india,-1.3461454173580023e-15,-0.11697023145965532,-0.11697023145965556
13,singapore,-1.4502288259166107e-15,-0.04878299549803096,-0.04878299549803109
14,germany,-1.4641066137244252e-15,-0.039270362549964806,-0.039270362549964924
15,indonesia,-1.4710455076283324e-15,-0.1148977279307943,-0.1148977279307944
16,rwanda,-1.4988010832439613e-15,-0.15848679309208144,-0.15848679309208152
17,new_zealand,-1.5265566588595902e-15,-0.11423679301268513,-0.11423679301268519
18,pakistan,-1.5265566588595902e-15,-0.020217862897284722,-0.020217862897284777
19,south_korea,-1.5612511283791264e-15,0.019737681590655975,0.019737681590655955
20,guatemala,-1.5681900222830336e-15,-0.09122041619195674,-0.09122041619195675
21,brazil,-1.582067810090848e-15,0.0,0.0
22,france,-1.582067810090848e-15,-0.07888511575628493,-0.07888511575628493
23,mexico,-1.582067810090848e-15,-0.08570746103300575,-0.08570746103300575
24,oman,-1.5959455978986625e-15,-0.06928217158425763,-0.06928217158425762
25,canada,-1.6514567491299204e-15,-0.10855003531928664,-0.10855003531928657
26,kazakhstan,-1.7208456881689926e-15,-0.18087161640462887,-0.18087161640462873
27,ethiopia,-1.734723475976807e-15,-0.014102860911417513,-0.01410286091141736
28,mongolia,-1.8041124150158794e-15,-0.2216949925532713,-0.22169499255327108
29,china,-1.8596235662471372e-15,-0.07539004471693185,-0.07539004471693157
30,netherlands,-1.887379141862766e-15,-0.07309517329839657,-0.07309517329839627
31,saudi_arabia,-2.0261570199409107e-15,-0.18501787173856066,-0.1850178717385602
32,uk,-2.6506574712925612e-15,-0.06838468413341825,-0.06838468413341718
