team,attack_coef,defense_allow_coef,strength_score,strength_z,power_rank
brazil,0.0,0.0,0.0,2.037385865730978,1
peru,-0.06116455216624647,-0.05765150974603667,-0.0035130424202098054,2.0171925962333797,2
netherlands,-0.11840917003814308,-0.08541123817158328,-0.032997931866559804,1.8477109198175585,3
china,-0.1299150201024143,0.017498739514268988,-0.1474137596166833,1.190038916981027,4
pakistan,-0.05039685334509249,0.1047169028306535,-0.155113756175746,1.1457786755580242,5
panama,-0.07404254477308896,0.11505727325534562,-0.18909981802843456,0.9504238736332545,6
thailand,0.07367569390259887,0.2726394885274642,-0.19896379462486535,0.8937248891337056,7
uk,-0.10342981098989493,0.11056136490438005,-0.21399117589427497,0.8073462111904336,8
iceland,-0.12614107180919218,0.0962807921087524,-0.22242186391794458,0.758885892484128,9
india,-0.21780778363052544,0.01607816358577143,-0.23388594721629688,0.6929893572601886,10
ethiopia,-0.02488097857541187,0.25738533768940786,-0.28226631626481974,0.41489484152935935,11
indonesia,-0.19957451889636615,0.09838445236500942,-0.2979589712613756,0.3246921130751533,12
philippines,-0.32837572037255514,-0.025198178047372184,-0.30317754232518296,0.29469531847978975,13
serbia,-0.012344461809881822,0.3300885315247692,-0.342432993334651,0.06905161519748468,14
guatemala,-0.1636581816421603,0.21923668077120853,-0.38289486241336884,-0.16352668274242751,15
new_zealand,-0.21587109311129726,0.17392757800867883,-0.3897986711199761,-0.20321036802057557,16
south_korea,0.05900079481057484,0.4651685859906439,-0.40616779118006907,-0.29730147574829424,17
saudi_arabia,-0.3393594942620324,0.07052632534733991,-0.4098858196093723,-0.31867302242838536,18
singapore,-0.06206796765186956,0.3572218089732546,-0.4192897766251242,-0.3727277748761428,19
mexico,-0.1500332444857545,0.2741201309840513,-0.4241533754698058,-0.40068415867437784,20
germany,-0.07596908697512528,0.357136685389072,-0.4331057723641973,-0.4521433047689236,21
morocco,-0.08456692173927374,0.35609039778791574,-0.44065731952718945,-0.49555024631590927,22
france,-0.11484391836212646,0.3377090532138848,-0.45255297157601126,-0.5639274757765133,23
switzerland,-0.2907469471011284,0.1803688104213074,-0.47111575752243584,-0.6706279633897552,24
vietnam,-0.19312711733164367,0.30387555114216597,-0.49700266847380964,-0.8194281504567282,25
oman,-0.09730812663331094,0.4022275708307384,-0.49953569746404936,-0.8339882186047486,26
canada,-0.19764299403572477,0.3225663520259603,-0.520209346061685,-0.9528221259976969,27
usa,-0.11102921357992683,0.41786430417744175,-0.5288935177573686,-1.002739490617474,28
uae,-0.2993358041810025,0.2727919997359565,-0.572127803916959,-1.251253880006707,29
kazakhstan,-0.34580133513700667,0.2627939753944579,-0.6085953105314645,-1.4608722395049663,30
rwanda,-0.29160023097796006,0.31888346352944563,-0.6104836945074057,-1.4717268327548962,31
mongolia,-0.42580166663007557,0.22676226959955698,-0.6525639362296325,-1.7136076756199465,32
