game_id,home_team,away_team,p_home_win,p_home_win_raw,p_home_win_calibrated,lambda_home,lambda_away,method_tag
game_1,brazil,kazakhstan,0.5669457927445823,0.5669457927445823,,2.926853192916486,2.5238596108046387,poisson_glm_offset_v3_raw
game_2,netherlands,mongolia,0.5630764217183022,0.5630764217183022,,2.611720764516919,2.252117245995451,poisson_glm_offset_v3_raw
game_3,peru,rwanda,0.5659193934169906,0.5659193934169906,,2.8413501800302106,2.4501293665450192,poisson_glm_offset_v3_raw
game_4,thailand,oman,0.5721154823600352,0.5721154823600352,,3.378554101213455,2.9133665670720608,poisson_glm_offset_v3_raw
game_5,pakistan,germany,0.5712958013680204,0.5712958013680204,,3.3045861339718416,2.8495831270736915,poisson_glm_offset_v3_raw
game_6,india,usa,0.5666657132875559,0.5666657132875559,,2.9033844798672166,2.503622266093958,poisson_glm_offset_v3_raw
game_7,panama,switzerland,0.5659209969377671,0.5659209969377671,,2.8414826826379294,2.4502436250875252,poisson_glm_offset_v3_raw
game_8,iceland,canada,0.5668462636016985,0.5668462636016985,,2.918501558521427,2.5166578991557897,poisson_glm_offset_v3_raw
game_9,china,france,0.5678784048435324,0.5678784048435324,,3.005741539875642,2.591885951563795,poisson_glm_offset_v3_raw
game_10,philippines,morocco,0.5649339324438416,0.5649339324438416,,2.760556204022899,2.380459779653993,poisson_glm_offset_v3_raw
game_11,ethiopia,saudi_arabia,0.5663123895320753,0.5663123895320753,,2.873925122896287,2.4782191193289766,poisson_glm_offset_v3_raw
game_12,singapore,new_zealand,0.5675705231855548,0.5675705231855548,,2.979572036182153,2.56931968361204,poisson_glm_offset_v3_raw
game_13,guatemala,south_korea,0.5708551248338485,0.5708551248338485,,3.265186010277498,2.815607941337173,poisson_glm_offset_v3_raw
game_14,uk,mexico,0.5678848615934802,0.5678848615934802,,3.0062916869268315,2.592360349776137,poisson_glm_offset_v3_raw
game_15,vietnam,serbia,0.5689244139799366,0.5689244139799366,,3.09558100184664,2.6693555663957818,poisson_glm_offset_v3_raw
game_16,indonesia,uae,0.5633486407536115,0.5633486407536115,,2.6332506212717313,2.2706826923326267,poisson_glm_offset_v3_raw
